"","battle","other_names","location_1","location_2","location_3","location_4","state","campaign","us_commanders","cs_commanders","results","start_date","end_date","days_battle","multiple_states","total_est_casualties","us_est_casualties","cs_est_casualties"
"1","Fort Sumter",NA,"Charleston County, SC",NA,NA,NA,"SC","Operations in Charleston Harbor","Maj. Robert Anderson","Brig. Gen. P.G.T. Beauregard","Confederate victory",1861-04-12,1861-04-14,3,"No",0,NA,NA
"2","Sewell's Point",NA,"Norfolk City, VA",NA,NA,NA,"VA","Blockade of the Chesapeake Bay","Lt. D.L. Braine U.S.N.","Brig. Gen. Walter Gwynn and Capt. Peyton Colquitt","Inconclusive",1861-05-18,1861-05-19,2,"No",10,NA,NA
"3","Aquia Creek",NA,"Stafford County, VA",NA,NA,NA,"VA","Blockade of the Chesapeake Bay","Cdr. James H. Ward","Col. Daniel Ruggles","Inconclusive",1861-05-29,1861-06-01,4,"No",10,NA,NA
"4","Philippi","Philippi Races","Barbour County, WV",NA,NA,NA,"WV","Operations in Western Virginia","Col. Thomas A. Morris","Col. George A. Porterfield","Union victory",1861-06-03,1861-06-03,1,"No",30,4,26
"5","Big Bethel","Bethel Church, Great Bethel","York County, VA","Hampton, VA",NA,NA,"VA","Blockade of the Chesapeake Bay","Brig. Gen. Ebenezer Pierce","Col. John B. Magruder and Col. D.H. Hill","Confederate victory",1861-06-10,1861-06-10,1,"No",87,79,8
"6","Boonville","First Battle of Boonville","Cooper County, MO",NA,NA,NA,"MO","Operations to Control Missouri","Brig. Gen. Nathaniel Lyon","Col. John S. Marmaduke","Union victory",1861-06-17,1861-06-17,1,"No",81,31,50
"7","Hoke's Run","Falling Waters, Hainesville","Berkeley County, WV",NA,NA,NA,"WV","Manassas Campaign","Maj. Gen. Robert Patterson","Brig. Gen. Thomas J. Jackson","Union victory",1861-07-02,1861-07-02,1,"No",114,23,91
"8","Carthage",NA,"Jasper County, MO",NA,NA,NA,"MO","Operations to Control Missouri","Col. Franz Sigel","Governor Claiborne Jackson","Confederate victory",1861-07-05,1861-07-05,1,"No",244,44,200
"9","Rich Mountain",NA,"Randolph County, WV",NA,NA,NA,"WV","Operations in Western Virginia","Maj. Gen. George B. McClellan and Brig. Gen. William S. Rosecrans","Lt. Col. John Pegram and Brig. Gen. Robert<U+FFFD> S. Garnett","Union victory",1861-07-11,1861-07-11,1,"No",346,46,300
"10","Blackburn's Ford","Bull Run","Prince William County, VA","Fairfax County, VA",NA,NA,"VA","Manassas Campaign","Brig. Gen. Irvin McDowell","Brig. Gen. P.G.T. Beauregard","Confederate victory",1861-07-18,1861-07-18,1,"No",151,83,68
"11","First Manassas","First Bull Run","Fairfax County, VA","Prince William County, VA",NA,NA,"VA","Manassas Campaign","Brig. Gen. Irvin McDowell","Brig. Gen. Joseph E. Johnston and Brig. Gen. P.G.T. Beauregard","Confederate victory",1861-07-21,1861-07-21,1,"No",4700,2950,1750
"12","Wilson's Creek","Oak Hills","Greene County, MO","Christian County, MO",NA,NA,"MO","Operations to Control Missouri","Brig. Gen. Nathaniel Lyon and Maj. Gen. Samuel D. Sturgis","Maj. Gen. Sterling Price, Missouri State Guard, and Brig. Gen. Ben McCulloch","Confederate victory",1861-08-10,1861-08-10,1,"No",2330,1235,1095
"13","Kessler's Cross Lanes","Cross Lanes","Nicholas County, WV",NA,NA,NA,"WV","Operations in Western Virginia","Col. Erastus Tyler","Brig. Gen. John Floyd","Confederate victory",1861-08-26,1861-08-26,1,"No",285,245,40
"14","Hatteras Inlet Batteries","Forts Clark and Hatteras","Dare County, NC",NA,NA,NA,"NC","Blockade of the Carolina Coast","Maj. Gen. Benjamin F. Butler","Col. William F. Martin","Union victory",1861-08-28,1861-08-29,2,"No",773,3,770
"15","Dry Wood Creek","Big Dry Wood Creek, Battle of the Mules","Vernon County, MO",NA,NA,NA,"MO","Operations to Control Missouri","Col. J.H. Lane","Maj. Gen. Sterling Price and Brig. Gen. James S. Rains","Confederate victory",1861-09-02,1861-09-02,1,"No",NA,14,NA
"16","Carnifax Ferry",NA,"Nicholas County, WV",NA,NA,NA,"WV","Operations in Western Virginia","Brig. Gen. William S. Rosecrans","Brig. Gen. John Floyd","Union victory",1861-09-10,1861-09-10,1,"No",250,NA,NA
"17","Cheat Mountain","Cheat Mountain Summit","Pocahontas County, WV",NA,NA,NA,"WV","Operations in Western Virginia","Brig. Gen. Joseph Reynolds","Gen. Robert E. Lee and Col. Albert Rust","Union victory",1861-09-12,1861-09-15,4,"No",170,80,90
"18","Lexington","Battle of the Hemp Bales","Lafayette County, MO",NA,NA,NA,"MO","Operations to Control Missouri","Col. James A. Mulligan","Maj. Gen. Sterling Price","Confederate victory",1861-09-13,1861-09-20,8,"No",1874,1774,100
"19","Liberty","Blue Mills Landing, Blue Mills","Clay County, MO",NA,NA,NA,"MO","Operations to Control Missouri","Lt. Col. John Scott","""General"" D.R. Atchison (Atkinson)","Confederate victory",1861-09-17,1861-09-17,1,"No",126,56,70
"20","Barbourville",NA,"Knox County, KY",NA,NA,NA,"KY","Kentucky Confederate Offensive","Capt. Isaac J. Black","Col. Joel A. Battle","Confederate victory",1861-09-19,1861-09-19,1,"No",20,15,5
"21","Greenbrier River","Camp Bartow","Pocahontas County, WV",NA,NA,NA,"WV","Operations in Western Virginia","Brig. Gen. Joseph Reynolds","Brig. Gen. Henry R. Jackson","Inconclusive",1861-10-03,1861-10-03,1,"No",80,40,40
"22","Santa Rosa Island",NA,"Escambia County, FL",NA,NA,NA,"FL","Operations of Gulf Blockading Squadron","Col. Harvey Brown","Confederate Brig. Gen. Richard H. Anderson","Union victory",1861-10-09,1861-10-09,1,"No",154,67,87
"23","Ball's Bluff","Harrison's Landing, Leesburg","Loudoun County, VA",NA,NA,NA,"VA","McClellan's Operations in Northern Virginia","Brig. Gen. Charles P. Stone and Col. Edward Baker","Brig. Gen. Nathan G. Evans","Confederate victory",1861-10-21,1861-10-21,1,"No",1070,921,149
"24","Camp Wildcat","Wildcat Mountain","Laurel County, KY",NA,NA,NA,"KY","Kentucky Confederate Offensive","Brig. Gen. Albin F. Schoepf","Brig. Gen. Felix Zollicoffer","Union victory",1861-10-21,1861-10-21,1,"No",78,25,53
"25","Fredericktown",NA,"Madison County, MO",NA,NA,NA,"MO","Operations to Control Missouri","Col. J.B. Plummer and Col. William P. Carlin","Brig. Gen. M. Jeff Thompson","Union victory",1861-10-21,1861-10-21,1,"No",NA,NA,62
"26","Springfield","Zagonyi's Charge","Greene County, MO",NA,NA,NA,"MO","Operations to Control Missouri","Maj. James Zagonyi","Col. James Frazier","Union victory",1861-10-25,1861-10-25,1,"No",218,85,133
"27","Belmont",NA,"Mississippi County, MO",NA,NA,NA,"MO","Operations at the Ohio and Mississippi River Confluence","Brig. Gen. Ulysses S. Grant","Brig. Gen. Gideon J. Pillow","Union victory",1861-11-07,1861-11-07,1,"No",1464,498,966
"28","Ivy Mountain","Ivy Creek, Ivy Narrows","Floyd County, KY",NA,NA,NA,"KY","Kentucky Confederate Offensive","Brig. Gen. William Nelson and Col. Joshua W. Sill","Col. John S. Williams","Union victory",1861-11-08,1861-11-09,2,"No",293,30,263
"29","Round Mountain","Round Mountains","Yale, OK",NA,NA,NA,"OK","Operations in the Indian Territory","Chief Opothleyahola [I]","Col. Douglas H. Cooper","Confederate victory",1861-11-19,1861-11-19,1,"No",NA,NA,NA
"30","Chusto-Talasah","Caving Banks","Tulsa County, OK",NA,NA,NA,"OK","Operations in the Indian Territory","Chief Opothleyahola [I]","Col. Douglas H. Cooper","Confederate victory",1861-12-09,1861-12-09,1,"No",NA,NA,NA
"31","Camp Allegheny","Allegheny Mountain","Pocahontas County, WV",NA,NA,NA,"WV","Operations in Western Virginia","Brig. Gen. Robert Milroy","Col. Edward Allegheny Johnson","Inconclusive",1861-12-13,1861-12-13,1,"No",283,137,146
"32","Rowlett's Station","Woodsonville, Green River","Hart County, KY",NA,NA,NA,"KY","Kentucky Confederate Offensive","Col. August Willich","Brig. Gen. Thomas C. Hindman","Inconclusive",1861-12-17,1861-12-17,1,"No",131,40,91
"33","Dranesville",NA,"Fairfax County, VA",NA,NA,NA,"VA","McClellan's Operations in Northern Virginia","Brig. Gen. E.O.C. Ord","Brig. Gen. J.E.B. Stuart","Union victory",1861-12-20,1861-12-20,1,"No",301,71,230
"34","Chustenahlah",NA,"Osage County, OK",NA,NA,NA,"OK","Operations in the Indian Territory","Chief Opothleyahola [I]","Col. James McQueen McIntosh","Confederate victory",1861-12-26,1861-12-26,1,"No",NA,NA,NA
"35","Mount Zion Church",NA,"Boone County, MO",NA,NA,NA,"MO","Operations in Northeast Missouri","Brig. Gen. Benjamin M. Prentiss","Col. Caleb Dorsey","Union victory",1861-12-28,1861-12-28,1,"No",282,72,210
"36","Cockpit Point","Batteries at Evansport, Freestone Point, Shipping Point","Prince William County, VA",NA,NA,NA,"VA","Blockade of the Potomac River","Lt. R.H. Wyman","Brig. Gen. S.G. French","Inconclusive",1862-01-03,1862-01-03,1,"No",0,NA,NA
"37","Hancock","Romney Campaign","Washington County, MD","Morgan County, WV",NA,NA,"MD","Jackson's Operations against the B&O Railroad","Brig. Gen. F.W. Lander","Maj. Gen. Thomas J. Jackson","Inconclusive",1862-01-05,1862-01-06,2,"Yes",25,NA,NA
"38","Roan's Tan Yard","Silver Creek","Randolf County, MO",NA,NA,NA,"MO","Operations in Northeast Missouri","Maj. W.M.G. Torrence","Col. J.A. Poindexter","Union victory",1862-01-08,1862-01-08,1,"No",91,11,80
"39","Middle Creek",NA,"Floyd County, KY",NA,NA,NA,"KY","Offensive in Eastern Kentucky","Col. James Garfield","Brig. Gen. Humphrey Marshall","Union victory",1862-01-10,1862-01-10,1,"No",92,27,65
"40","Mill Springs","Logan's Cross-Roads, Fishing Creek","Pulaski County, KY","Wayne County, KY",NA,NA,"KY","Offensive in Eastern Kentucky","Brig. Gen. George H. Thomas","Maj. Gen. George B. Crittenden","Union victory",1862-01-19,1862-01-19,1,"No",671,232,439
"41","Fort Henry",NA,"Stewart County, TN","Henry County, TN","Calloway County, KY",NA,"TN","Federal Penetration up the Cumberland and Tennessee Rivers","Brig. Gen. Ulysses S. Grant and Flag-Officer A.H. Foote","Brig. Gen. Lloyd Tilghman","Union victory",1862-02-06,1862-02-06,1,"Yes",119,40,79
"42","Roanoke Island","Fort Huger","Dare County, NC",NA,NA,NA,"NC","Burnside's North Carolina Expedition","Brig. Gen. Ambrose E. Burnside","Brig. Gen. Henry Wise","Union victory",1862-02-07,1862-02-08,2,"No",60,37,23
"43","Fort Donelson",NA,"Stewart County, TN",NA,NA,NA,"TN","Federal Penetration up the Cumberland and Tennessee Rivers","Brig. Gen. Ulysses S. Grant and Flag-Officer A.H. Foote","Brig. Gen. John B. Floyd, Brig. Gen. Gideon Pillow, and Brig. Gen. Simon B. Buckner","Union victory",1862-02-11,1862-02-16,6,"No",17398,2331,15067
"44","Valverde",NA,"Socorro County, NM",NA,NA,NA,"NM","Sibley's New Mexico Campaign","Col. E.R.S. Canby","Brig. Gen. Henry H. Sibley and Col. Thomas Green","Confederate victory",1862-02-20,1862-02-21,2,"No",389,202,187
"45","New Madrid/Island No. 10",NA,"New Madrid, MO","Lake County, TN",NA,NA,"MO","Joint Operations on the Middle Mississippi River","Brig. Gen. John Pope and Flag-Officer Andrew H. Foote","Brig. Gen. John P. McCown and Brig. Gen. William W. Mackall","Union victory",1862-02-28,1862-04-08,40,"Yes",NA,NA,NA
"46","Pea Ridge","Elkhorn Tavern","Benton County, AR",NA,NA,NA,"AR","Pea Ridge Campaign","Maj. Gen. Samuel R. Curtis","Maj. Gen. Earl Van Dorn","Union victory",1862-03-06,1862-03-08,3,"No",5949,1349,4600
"47","Hampton Roads","Monitor vs. Virginia (Merrimack), Battle of the Ironclads","Hampton Roads, VA",NA,NA,NA,"VA","Peninsula Campaign","Lt. John Worden","Capt. Franklin Buchanan and Lt. Catesby R. Jones","Inconclusive",1862-03-08,1862-03-09,2,"No",433,409,24
"48","New Berne",NA,"Craven County, NC",NA,NA,NA,"NC","Burnside's North Carolina Expedition","Brig. Gen. Ambrose E. Burnside","Brig. Gen. Lawrence O'B. Branch","Union victory",1862-03-14,1862-03-14,1,"No",1080,NA,NA
"49","First Kernstown",NA,"Frederick County, VA","Winchester, VA",NA,NA,"VA","Jackson's Shenandoah Valley Campaign","Col. Nathan Kimball","Maj. Gen. Thomas J. Jackson","Union victory",1862-03-23,1862-03-23,1,"No",1308,590,718
"50","Fort Macon",NA,"Carteret County, NC",NA,NA,NA,"NC","Burnside's North Carolina Expedition","Brig. Gen. John G. Parke","Lt. Col. Moses J. White","Union victory",1862-03-23,1862-04-26,35,"No",490,10,480
"51","Glorieta Pass","La Glorieta Pass","Santa Fe County, NM","San Miguel County, NM",NA,NA,"NM","Sibley's New Mexico Campaign","Maj. John C. Chivington and Col. John P. Slough","Maj. Charles L. Pyron and Lt. Col. William R. Scurry","Union victory",1862-03-26,1862-03-28,3,"No",331,142,189
"52","Yorktown",NA,"York County, VA","Newport News, VA",NA,NA,"VA","Peninsula Campaign","Maj. Gen. George B. McClellan","Maj. Gen. John B. Magruder and Gen. Joseph E. Johnston","Inconclusive",1862-04-05,1862-05-04,30,"No",320,NA,NA
"53","Shiloh","Pittsburg Landing","Hardin County, TN",NA,NA,NA,"TN","Federal Penetration up the Cumberland and Tennessee Rivers","Maj. Gen. Ulysses S. Grant and Maj. Gen. Don Carlos Buell","Gen. Albert Sidney Johnston and Gen. P.G.T. Beauregard","Union victory",1862-04-06,1862-04-07,2,"No",23746,13047,10699
"54","Fort Pulaski",NA,"Chatham County, GA",NA,NA,NA,"GA","Operations against Fort Pulaski","Maj. Gen. David Hunter and Capt. Quincy A. Gillmore","Col. Charles H. Olmstead","Union victory",1862-04-10,1862-04-11,2,"No",365,1,364
"55","Forts Jackson and St. Philip",NA,"Plaquemines Parish, LA",NA,NA,NA,"LA","Expedition to and Capture of New Orleans","Flag-Officer David G. Farragut","Brig. Gen. Johnson K. Duncan and Cdr. John K. Mitchell","Union victory",1862-04-16,1862-04-28,13,"No",1011,229,782
"56","South Mills","Camden","Camden County, NC",NA,NA,NA,"NC","Burnside's North Carolina Expedition","Brig. Gen. Jesse Lee Reno","Col. Ambrose Wright","Inconclusive",1862-04-19,1862-04-19,1,"No",150,NA,NA
"57","New Orleans",NA,"Orleans Parish, LA","St. Bernard Parish, LA",NA,NA,"LA","Expedition to and Capture of New Orleans","Flag-Officer David G. Farragut and Maj. Gen. Benjamin Franklin Butler","Maj. Gen. Mansfield Lovell","Union victory",1862-04-25,1862-05-01,7,"No",0,NA,NA
"58","Corinth",NA,"Hardin County, TN","McNairy County,TN","Alcorn County, MS","Tishomingo County, MS","MS","Federal Penetration up the Cumberland and Tennessee Rivers","Maj. Gen. Henry W. Halleck","Gen. P.G.T. Beauregard","Union victory",1862-04-29,1862-06-10,43,"Yes",NA,NA,NA
"59","Williamsburg","Fort Magruder","York County, VA","Williamsburg, VA",NA,NA,"VA","Peninsula Campaign","Maj. Gen. George B. McClellan","Maj. Gen. James Longstreet","Inconclusive",1862-05-05,1862-05-05,1,"No",3843,2283,1560
"60","Eltham's Landing","Barhamsville, West Point","New Kent County, VA",NA,NA,NA,"VA","Peninsula Campaign","Brig. Gen. William B. Franklin","Maj. Gen. Gustavius W. Smith","Inconclusive",1862-05-07,1862-05-07,1,"No",242,194,48
"61","McDowell","Sitlington's Hill","Highland County, VA",NA,NA,NA,"VA","Jackson's Shenandoah Valley Campaign","Brig. Gen. Robert Milroy and Brig. Gen. Robert Schenck","Maj. Gen. Thomas J. Jackson","Confederate victory",1862-05-08,1862-05-08,1,"No",720,NA,NA
"62","Drewry's Bluff","Fort Darling, Fort Drewry","Chesterfield County, VA",NA,NA,NA,"VA","Peninsula Campaign","Cdr. John Rodgers","Cdr. E. Farrand, Brig. Gen. William Mahone, Capt. S. S. Lee, and Lt. John Taylor Wood","Confederate victory",1862-05-15,1862-05-15,1,"No",41,NA,NA
"63","Princeton Court House","Princton Court House, WV","Mercer County, WV",NA,NA,NA,"WV","Jackson's Shenandoah Valley Campaign","Brig. Gen. Jacob D. Cox","Brig. Gen. Humphery Marshall","Confederate victory",1862-05-15,1862-05-17,3,"No",129,23,NA
"64","Front Royal","Guard Hill, Cedarville","Warren County, VA",NA,NA,NA,"VA","Jackson's Shenandoah Valley Campaign","Col. John R. Kenly","Maj. Gen. Thomas J. Jackson","Confederate victory",1862-05-23,1862-05-23,1,"No",960,904,56
"65","First Winchester","Bowers Hill","Frederick County, VA","Winchester, VA",NA,NA,"VA","Jackson's Shenandoah Valley Campaign","Maj. Gen. Nathaniel P. Banks","Maj. Gen. T.J. Jackson","Confederate victory",1862-05-25,1862-05-25,1,"No",2419,2019,400
"66","Hanover Court House","Slash Church","Hanover County, VA",NA,NA,NA,"VA","Peninsula Campaign","Brig. Gen. Fitz John Porter","Brig. Gen. Lawrence O'B. Branch","Union victory",1862-05-27,1862-05-27,1,"No",1327,397,930
"67","Seven Pines","Fair Oaks, Fair Oaks Station","Henrico County, VA",NA,NA,NA,"VA","Peninsula Campaign","Maj. Gen. George B. McClellan","Gen. Joseph E. Johnston and Maj. Gen. G.W. Smith","Inconclusive",1862-05-31,1862-06-01,2,"No",13736,5739,7997
"68","Tranter's Creek",NA,"Pitt County, NC",NA,NA,NA,"NC","Burnside's North Carolina Expedition","Lt. Col. F.A. Osborne","Col. George Singletary","Union victory",1862-06-05,1862-06-05,1,"No",40,NA,NA
"69","Memphis",NA,"Shelby County, TN",NA,NA,NA,"TN","Joint Operations on the Middle Mississippi River","Flag-Officer Charles H. Davis and Col. Charles Ellet","Capt. James E. Montgomery and Brig. Gen. M. Jeff Thompson","Union victory",1862-06-06,1862-06-06,1,"No",181,1,180
"70","Chattanooga",NA,"Hamilton County, TN","Chattanooga, TN",NA,NA,"TN","Confederate Heartland Offensive","Brig. Gen. James Negley","Maj. Gen. Edmund Kirby Smith","Union victory",1862-06-07,1862-06-08,2,"No",88,23,65
"71","Cross Keys",NA,"Rockingham County, VA",NA,NA,NA,"VA","Jackson's Shenandoah Valley Campaign","Maj. Gen. John C. Fr<U+FFFD>mont","Maj. Gen. Richard S. Ewell","Confederate victory",1862-06-08,1862-06-08,1,"No",951,664,287
"72","Port Republic",NA,"Rockingham County, VA",NA,NA,NA,"VA","Jackson's Shenandoah Valley Campaign","Brig. Gen. Erastus Tyler","Maj. Gen. Thomas J. Jackson","Confederate victory",1862-06-09,1862-06-09,1,"No",1818,1002,816
"73","Secessionville","Ft. Lamar, James Island","Charleston, SC",NA,NA,NA,"SC","Operations against Charleston","Brig. Gen. Henry Benham","Brig. Gen. Nathan Evans","Confederate victory",1862-06-16,1862-06-16,1,"No",889,685,204
"74","Saint Charles",NA,"Arkansas County, AR",NA,NA,NA,"AR","Operations on White River","Col. Graham N. Fitch and Cdr. Augustus H. Kilty","Capt. Joseph Fry, C.S.N.","Union victory",1862-06-17,1862-06-17,1,"No",290,135,155
"75","Simmon's Bluff",NA,"Charleston, SC",NA,NA,NA,"SC","Operations against Charleston","Lt. A.C. Rhind","Col. James McCullough","Union victory",1862-06-21,1862-06-21,1,"No",0,NA,NA
"76","Oak Grove","French's Field, King's School House","Henrico County, VA",NA,NA,NA,"VA","Peninsula Campaign","Maj. Gen. George B. McClellan","Gen. Robert E. Lee","Inconclusive",1862-06-25,1862-06-25,1,"No",1057,516,541
"77","Beaver Dam Creek","Mechanicsville, Ellerson's Mill","Hanover County, VA",NA,NA,NA,"VA","Peninsula Campaign","Brig. Gen. Fitz John Porter","Gen. Robert E. Lee","Union victory",1862-06-26,1862-06-26,1,"No",1700,400,1300
"78","Gaines' Mill","First Cold Harbor","Hanover County, VA",NA,NA,NA,"VA","Peninsula Campaign","Brig. Gen. Fitz John Porter","Gen. Robert E. Lee","Confederate victory",1862-06-27,1862-06-27,1,"No",15500,6800,8700
"79","Garnett's & Golding's Farms",NA,"Henrico County, VA",NA,NA,NA,"VA","Peninsula Campaign","Maj. Gen. George B. McClellan","Maj. Gen. John B. Magruder","Inconclusive",1862-06-27,1862-06-28,2,"No",830,NA,NA
"80","Savage's Station",NA,"Henrico County, VA",NA,NA,NA,"VA","Peninsula Campaign","Maj. Gen. Edwin Sumner","Maj. Gen. John Magruder","Inconclusive",1862-06-29,1862-06-29,1,"No",4700,NA,NA
"81","White Oak Swamp",NA,"Henrico County, VA",NA,NA,NA,"VA","Peninsula Campaign","Maj. Gen. William Franklin","Maj. Gen. Thomas J. Jackson","Inconclusive",1862-06-30,1862-06-30,1,"No",500,NA,NA
"82","Glendale","Nelson's Farm, Frayser's Farm, Charles City Crossroads, White Oak Swamp, New Market Road, Riddell's Shop","Henrico County, VA",NA,NA,NA,"VA","Peninsula Campaign","Maj. Gen. George B. McClellan","Gen. Robert E. Lee","Inconclusive",1862-06-30,1862-06-30,1,"No",6500,NA,NA
"83","Tampa","Yankee Outrage at Tampa","Tampa, FL",NA,NA,NA,"FL","Operations against Tampa","Capt. A.J. Drake","Capt. J.W. Pearson","Confederate victory",1862-06-30,1862-07-01,2,"No",0,NA,NA
"84","Malvern Hill","Poindexter's Farm","Henrico County, VA",NA,NA,NA,"VA","Peninsula Campaign","Maj. Gen. George B. McClellan","Gen. Robert E. Lee","Union victory",1862-07-01,1862-07-01,1,"No",8500,NA,NA
"85","Hill's Plantation","Cache River, Cotton Plant, Round Hill","Woodruff County, AR",NA,NA,NA,"AR","Operations near Cache River, Arkansas","Col. Charles Hovey and Brig. Gen. William P. Benton","Maj. Gen. Thomas C. Hindman and Col. William Parsons","Union victory",1862-07-07,1862-07-07,1,"No",308,63,245
"86","Murfreesboro",NA,"Rutherford County, TN",NA,NA,NA,"TN","Confederate Heartland Offensive","Brig. Gen. Thomas T. Crittenden","Brig. Gen. Nathan Bedford Forrest","Confederate victory",1862-07-13,1862-07-13,1,"No",1040,890,150
"87","Baton Rouge","Magnolia Cemetery","East Baton Rouge Parish, LA",NA,NA,NA,"LA","Operations against Baton Rouge","Brig. Gen. Thomas Williams","Maj. Gen. John C. Breckinridge","Union victory",1862-08-05,1862-08-05,1,"No",849,371,478
"88","Kirksville",NA,"Adair County, MO",NA,NA,NA,"MO","Operations North of Boston Mountains","Col. John McNeil","Col. Joseph C. Porter","Union victory",1862-08-06,1862-08-09,4,"No",456,88,368
"89","Cedar Mountain","Slaughter's Mountain, Cedar Run","Culpeper County, VA",NA,NA,NA,"VA","Northern Virginia Campaign","Maj. Gen. Nathaniel Banks","Maj. Gen. Thomas J. Jackson","Confederate victory",1862-08-09,1862-08-09,1,"No",2707,1400,1307
"90","Donaldsonville",NA,"Ascension Parish, LA",NA,NA,NA,"LA","Operations against Baton Rouge","Rear Adm. David G. Farragut","Capt. Phillippe Landry","Union victory",1862-08-09,1862-08-09,1,"No",NA,NA,NA
"91","Independence",NA,"Jackson County, MO",NA,NA,NA,"MO","Operations North of Boston Mountains","Lt. Col. James T. Buel","Col. J.T. Hughes and Col. G.W. Thompson","Confederate victory",1862-08-11,1862-08-11,1,"No",NA,NA,NA
"92","Lone Jack",NA,"Jackson County, MO",NA,NA,NA,"MO","Operations North of Boston Mountains","Maj. Emory S. Foster","Col. Jeremiah Vard Cockrell, Col. G.W. Thompson, and Col. Upton Hays","Confederate victory",1862-08-15,1862-08-16,2,"No",270,160,110
"93","Fort Ridgely",NA,"Nicollet County, MN",NA,NA,NA,"MN","Operations to Suppress the Sioux Uprising","1st Lt. Timothy J. Sheehan","Chief Little Crow [I]","Union victory",1862-08-20,1862-08-22,3,"No",NA,16,NA
"94","Rappahannock Station","Waterloo Bridge, White Sulphur Springs, Lee Springs, Freeman's Ford","Culpeper County, VA","Fauquier County, VA",NA,NA,"VA","Northern Virginia Campaign","Maj. Gen. John Pope","Maj. Gen. Thomas J. Jackson","Inconclusive",1862-08-22,1862-08-25,4,"No",225,NA,NA
"95","Manassas Station Operations","Battles Associated with the Operations: Bristoe Station, Kettle Run, Bull Run Bridge, Union Mills","Prince William County, VA",NA,NA,NA,"VA","Northern Virginia Campaign","Brig. Gen. G.W. Taylor","Maj. Gen. Thomas J. Jackson","Confederate victory",1862-08-25,1862-08-27,3,"No",1100,NA,NA
"96","Thoroughfare Gap","Chapman's Mill","Fauquier County, VA","Prince William County, VA",NA,NA,"VA","Northern Virginia Campaign","Brig. Gen. James Ricketts","Lt. Gen. James Longstreet","Confederate victory",1862-08-28,1862-08-28,1,"No",100,NA,NA
"97","Second Manassas","Manassas, Second Bull Run, Manassas Plains, Groveton, Gainesville, Brawner's Farm","Prince William County, VA",NA,NA,NA,"VA","Northern Virginia Campaign","Maj. Gen. John Pope","Gen. Robert E. Lee and Maj. Gen. Thomas J. Jackson","Confederate victory",1862-08-28,1862-08-30,3,"No",22180,13830,8350
"98","Richmond",NA,"Madison County, KY",NA,NA,NA,"KY","Confederate Heartland Offensive","Maj. Gen. William Nelson","Maj. Gen. E. Kirby Smith","Confederate victory",1862-08-29,1862-08-30,2,"No",5650,4900,750
"99","Chantilly","Ox Hill","Fairfax County, VA",NA,NA,NA,"VA","Northern Virginia Campaign","Maj. Gen. Philip Kearny and Maj. Gen. Isaac Stevens","Maj. Gen. Thomas J. Jackson","Inconclusive",1862-09-01,1862-09-01,1,"No",2100,1300,800
"100","Harpers Ferry",NA,"Jefferson County, WV",NA,NA,NA,"WV","Maryland Campaign","Col. Dixon S. Miles","Maj. Gen. Thomas J. Jackson","Confederate victory",1862-09-12,1862-09-15,4,"No",12922,12636,286
"101","Munfordville","Green River Bridge","Hart County, KY",NA,NA,NA,"KY","Confederate Heartland Offensive","Col. Cyrus L. Dunham and Col. John T. Wilder","Brig. Gen. James R. Chalmers and Gen. Braxton Bragg","Confederate victory",1862-09-14,1862-09-17,4,"No",4862,4148,714
"102","South Mountain","Crampton's, Turner's, and Fox's Gaps","Frederick County, MD","Washington County, MD",NA,NA,"MD","Maryland Campaign","Maj. Gen. George B. McClellan","Gen. Robert E. Lee","Union victory",1862-09-14,1862-09-14,1,"No",4500,NA,NA
"103","Antietam","Sharpsburg","Washington County, MD",NA,NA,NA,"MD","Maryland Campaign","Maj. Gen. George B. McClellan","Gen. Robert E. Lee","Inconclusive",1862-09-16,1862-09-18,3,"No",23100,NA,NA
"104","Shepherdstown","Boteler's Ford","Jefferson County, AR",NA,NA,NA,"AR","Maryland Campaign","Maj. Gen. Fitz John Porter","Brig. Gen. William Pendleton and Maj. Gen. A.P. Hill","Confederate victory",1862-09-19,1862-09-20,2,"No",625,NA,NA
"105","Iuka",NA,"Tishomingo County, MS",NA,NA,NA,"MS","Iuka and Corinth Operations","Maj. Gen. William S. Rosecrans","Maj. Gen. Sterling Price","Union victory",1862-09-19,1862-09-19,1,"No",1482,782,700
"106","Wood Lake",NA,"Yellow Medicine County, MN",NA,NA,NA,"MN","Operations to Suppress the Sioux Uprising","Col. Henry Hastings Sibley","Chief Little Crow [I]","Union victory",1862-09-23,1862-09-23,1,"No",NA,37,NA
"107","Sabine Pass",NA,"Jefferson County, TX",NA,NA,NA,"TX","Operations to Blockade the Texas Coast","Acting Master Frederick Crocker","Maj. J.S. Irvine","Union victory",1862-09-24,1862-09-25,2,"No",NA,NA,NA
"108","Newtonia",NA,"Newton County, MO",NA,NA,NA,"MO","Operations North of Boston Mountains","Brig. Gen. Friedrich Salomon","Col. Douglas H. Cooper","Confederate victory",1862-09-30,1862-09-30,1,"No",345,245,100
"109","St. John's Bluff",NA,"Duval County, FL",NA,NA,NA,"FL","Expedition to St. John' s Bluff","Brig. Gen. John M. Brannan","Lt. Col. Charles F. Hopkins","Union victory",1862-10-01,1862-10-03,3,"No",NA,NA,NA
"110","Corinth",NA,"Alcorn County, MS",NA,NA,NA,"MS","Iuka and Corinth Operations","Maj. Gen. William S. Rosecrans","<U+FFFD> Maj. Gen. Earl Van Dorn","Union victory",1862-10-03,1862-10-04,2,"No",7197,2359,4838
"111","Galveston",NA,"Galveston County, TX",NA,NA,NA,"TX","Operations to Blockade the Texas Coast","Cdr. W.B. Renshaw, U.S.N.","Col. Joseph J. Cook and Col. X.B. Debray","Union victory",1862-10-04,1862-10-04,1,"No",0,NA,NA
"112","Hatchie's Bridge","Davis Bridge, Matamora","Hardeman County, TN","McNairy County, TN",NA,NA,"TN","Iuka and Corinth Operations","Maj. Gen. Edward O.C. Ord and Maj. Gen. Stephen A. Hurlbut","Maj. Gen. Earl Van Dorn","Union victory",1862-10-05,1862-10-05,1,"No",900,500,400
"113","Perryville",NA,"Boyle County, KY",NA,NA,NA,"KY","Confederate Heartland Offensive","Maj. Gen. Don Carlos Buell","Gen. Braxton Bragg","Union victory",1862-10-08,1862-10-08,1,"No",7407,4211,3196
"114","Old Fort Wayne","Beatties Prairie, Beaty's Prairie","Delaware County, OK",NA,NA,NA,"OK","Operations North of Boston Mountains","Brig. Gen. James G. Blunt","Col. Douglas H. Cooper","Union victory",1862-10-22,1862-10-22,1,"No",164,14,150
"115","Georgia Landing","Labadieville, Texana","Lafourche Parish, LA",NA,NA,NA,"LA","Operations in LaFourche District","Brig. Gen. Godfrey Weitzel","Brig. Gen. Alfred Mouton","Union victory",1862-10-27,1862-10-27,1,"No",315,86,229
"116","Clark's Mill","Vera Cruz","Douglas County, MO",NA,NA,NA,"MO","Operations North of Boston Mountains","Capt. Hiram E. Barstow","Col. John Q. Burbridge and Col. Colton Greene","Confederate victory",1862-11-07,1862-11-07,1,"No",NA,113,NA
"117","Cane Hill","Canehill, Boston Mountains","Washington County, AR",NA,NA,NA,"AR","Prairie Grove Campaign","Brig. Gen. James G. Blunt","Brig. Gen. John S. Marmaduke","Confederate victory",1862-11-28,1862-11-28,1,"No",475,40,435
"118","Kock's Plantation","Cox's Plantation","Ascension Parish, LA",NA,NA,NA,"LA","Taylor's Operations in West Louisiana","Brig. Gen. Godfrey Weitzel and Brig. Gen. Cuvier Grover","Brig. Gen. Tom Green","Confederate victory",1862-11-28,1862-11-28,1,"No",463,430,33
"119","Hartsville",NA,"Trousdale County, TN",NA,NA,NA,"TN","Stones River Campaign","Col. Absalom B. Moore","Brig. Gen. John Hunt Morgan","Confederate victory",1862-12-07,1862-12-07,1,"No",2004,1855,149
"120","Prairie Grove","Fayetteville","Washington County, AR",NA,NA,NA,"AR","Prairie Grove Campaign","Brig. Gen. Francis J. Herron and Brig. Gen. James G. Blunt","Maj. Gen. Thomas C. Hindman","Union victory",1862-12-07,1862-12-07,1,"No",2568,1251,1317
"121","Fredericksburg I","Marye's Heights","Spotsylvania County, VA","Fredericksburg, VA",NA,NA,"VA","Fredericksburg Campaign","Maj. Gen. Ambrose E. Burnside","Gen. Robert E. Lee","Confederate victory",1862-12-11,1862-12-15,5,"No",17929,13353,4576
"122","Kinston",NA,"Lenoir County, NC",NA,NA,NA,"NC","Goldsborough Expedition","Brig. Gen. John G. Foster","Brig. Gen. Nathan Evans","Union victory",1862-12-14,1862-12-14,1,"No",685,NA,NA
"123","White Hall","Whitehall, White Hall Ferry","Wayne County, NC",NA,NA,NA,"NC","Goldsborough Expedition","Brig. Gen. John G. Foster","Brig. Gen. Beverly Robertson","Inconclusive",1862-12-16,1862-12-16,1,"No",150,NA,NA
"124","Goldsborough Bridge",NA,"Wayne County, NC",NA,NA,NA,"NC","Goldsborough Expedition","Brig. Gen. John G. Foster","Brig. Gen. Thomas Clingman","Union victory",1862-12-17,1862-12-17,1,"No",220,NA,NA
"125","Jackson",NA,"Madison County, TN",NA,NA,NA,"TN","Forrest's Expedition into West Tennessee","Col. Adolph Englemann","Brig. Gen. Nathan Bedford Forrest","Confederate victory",1862-12-19,1862-12-19,1,"No",NA,6,NA
"126","Chickasaw Bayou","Chickasaw Bluffs, Walnut Hills","Warren County, MS",NA,NA,NA,"MS","Operations against Vicksburg","Maj. Gen. William T. Sherman","Lt. Gen. John C. Pemberton","Confederate victory",1862-12-26,1862-12-29,4,"No",1983,1776,207
"127","Stones River","Murfreesboro","Rutherford County, TN",NA,NA,NA,"TN","Stones River Campaign","Maj. Gen. William S. Rosecrans","Gen. Braxton Bragg","Union victory",1862-12-31,1863-01-02,3,"No",23515,13249,10266
"128","Parker's Cross Roads",NA,"Henderson County, TN",NA,NA,NA,"TN","Forrest's Expedition into West Tennessee","Brig. Gen. Jeremiah C. Sullivan","Brig. Gen. Nathan Bedford Forrest","Confederate victory",1862-12-31,1862-12-31,1,"No",737,237,500
"129","Galveston",NA,"Galveston County, TX",NA,NA,NA,"TX","Operations against Galveston","Col. Isaac S. Burrell and Cdr. W.B. Renshaw, U.S.N.","Maj. Gen. John B. Magruder","Confederate victory",1863-01-01,1863-01-01,1,"No",650,600,50
"130","Springfield",NA,"Greene County, MO",NA,NA,NA,"MO","Marmaduke's First Expedition into Missouri","Brig. Gen. Egbert B. Brown","Brig. Gen. John S. Marmaduke","Union victory",1863-01-08,1863-01-08,1,"No",403,163,240
"131","Hartville",NA,"Wright County, MO",NA,NA,NA,"MO","Marmaduke's First Expedition into Missouri","Col. Samuel Merrill","Brig. Gen. John S. Marmaduke","Confederate victory",1863-01-09,1863-01-11,3,"No",407,78,329
"132","Arkansas Post","Fort Hindman","Arkansas County, AR",NA,NA,NA,"AR","Operations against Vicksburg","Rear Adm. David D. Porter and Maj. Gen. John A. McClernand","Brig. Gen. Thomas J. Churchill","Union victory",1863-01-09,1863-01-11,3,"No",6547,1047,5500
"133","Bear River","Massacre at Boa Ogoi","Franklin County, ID",NA,NA,NA,"ID","Expedition from Camp Douglas, Utah Territory, to Cache Valley, Idaho Territory","Col. Patrick Edward Connor","Chief Bear Hunter [I]","Union victory",1863-01-29,1863-01-29,1,"No",451,67,384
"134","Dover","Fort Donelson","Stewart County, TN",NA,NA,NA,"TN","Middle Tennessee Operations","Col. A.C. Harding","Maj. Gen. Joseph Wheeler","Union victory",1863-02-03,1863-02-03,1,"No",796,126,670
"135","Fort McAllister I",NA,"Bryan County, GA",NA,NA,NA,"GA","Naval Attacks on Fort McAllister","Capt. P. Drayton, U.S.N.","Capt. George A. Anderson","Confederate victory",1863-03-03,1863-03-03,1,"No",NA,NA,NA
"136","Thompson's Station",NA,"Williamson County, TN",NA,NA,NA,"TN","Middle Tennessee Operations","Col. John Coburn","Maj. Gen. Earl Van Dorn","Confederate victory",1863-03-05,1863-03-05,1,"No",2206,1906,300
"137","Fort Anderson","Deep Gully","Craven County, NC",NA,NA,NA,"NC","Longstreet's Tidewater Operations","Lt. Col. Hiram Anderson","Maj. Gen. D.H. Hill","Union victory",1863-03-13,1863-03-15,3,"No",7,NA,NA
"138","Kelly's Ford","Kellysville","Culpeper County, VA",NA,NA,NA,"VA","Cavalry Operations along the Rappahannock","Brig. Gen. William W. Averell","Brig. Gen. Fitzhugh Lee","Inconclusive",1863-03-17,1863-03-17,1,"No",200,NA,NA
"139","Vaught's Hill","Milton","Rutherford County, TN",NA,NA,NA,"TN","Middle Tennessee Operations","Col. Albert S. Hall","Brig. Gen. John Hunt Morgan","Union victory",1863-03-20,1863-03-20,1,"No",435,62,373
"140","Brentwood",NA,"Williamson County, TN",NA,NA,NA,"TN","Middle Tennessee Operations","Lt. Col. Edward Bloodgood","Brig. Gen. Nathan Bedford Forrest","Confederate victory",1863-03-25,1863-03-25,1,"No",311,305,6
"141","Washington",NA,"Beaufort County, NC",NA,NA,NA,"NC","Longstreet's Tidewater Operations","Brig. Gen. John G. Foster","Maj. Gen. D.H. Hill","Inconclusive",1863-03-30,1863-04-20,22,"No",100,NA,NA
"142","Charleston Harbor","Fort Sumter","Charleston County, SC",NA,NA,NA,"SC","Operations against Defenses of Charleston","<U+FFFD> Rear Adm. S.F. Du Pont","Gen. P.G.T. Beauregard","Confederate victory",1863-04-07,1863-04-07,1,"No",36,22,14
"143","Franklin",NA,"Williamson County, TN",NA,NA,NA,"TN","Middle Tennessee Operations","Maj. Gen. Gordon Granger","Maj. Gen. Earl Van Dorn","Union victory",1863-04-10,1863-04-10,1,"No",237,100,137
"144","Suffolk","Fort Huger, Hill's Point","Suffolk, VA",NA,NA,NA,"VA","Longstreet's Tidewater Operations","Brig. Gen. John Peck","Lt. Gen. James Longstreet","Inconclusive",1863-04-11,1863-05-04,24,"No",152,NA,NA
"145","Fort Bisland","Bethel Place","St. Mary Parish, LA",NA,NA,NA,"LA","Operations in West Louisiana","Maj. Gen. Nathaniel P. Banks","Maj. Gen. Richard Taylor","Union victory",1863-04-12,1863-04-13,2,"No",684,234,450
"146","Suffolk","Norfleet House Battery","Suffolk, VA",NA,NA,NA,"VA","Longstreet's Tidewater Operations","Brig. Gen. John Peck","Lt. Gen. James Longstreet","Inconclusive",1863-04-13,1863-04-15,3,"No",1160,NA,NA
"147","Irish Bend","Nerson's Woods, Franklin","St. Mary Parish, LA",NA,NA,NA,"LA","Operations in West Louisiana","Brig. Gen. Cuvier Grover","Maj. Gen. Richard Taylor","Union victory",1863-04-14,1863-04-14,1,"No",NA,353,NA
"148","Vermillion Bayou",NA,"Lafayette Parish, LA",NA,NA,NA,"LA","Operations in West Louisiana","Brig. Gen. Cuvier Grover","Maj. Gen. Richard Taylor","Union victory",1863-04-17,1863-04-17,1,"No",NA,NA,NA
"149","Cape Girardeau",NA,"Cape Girardeau City, MO",NA,NA,NA,"MO","Marmaduke's Second Expedition into Missouri","Brig. Gen. John McNeil","Brig. Gen. John S. Marmaduke","Union victory",1863-04-26,1863-04-26,1,"No",337,12,325
"150","Grand Gulf",NA,"Claiborne County, MS",NA,NA,NA,"MS","Grant's Operations against Vicksburg","Rear Adm. David D. Porter","Brig. Gen. John S. Bowen","Confederate victory",1863-04-29,1863-04-29,1,"No",NA,80,NA
"151","Snyder's Bluff","Snyder's Mill","Warren County, MS",NA,NA,NA,"MS","Grant's Operations against Vicksburg","Maj. Gen. William T. Sherman","Brig. Gen. Louis H<U+FFFD>bert","Confederate victory",1863-04-29,1863-05-01,3,"No",NA,NA,NA
"152","Day's Gap","Sand Mountain","Cullman County, AL",NA,NA,NA,"AL","Streight's Raid in Alabama and Georgia","Col. Abel Streight","Brig. Gen. Nathan Bedford Forrest","Union victory",1863-04-30,1863-04-30,1,"No",88,23,65
"153","Chancellorsville",NA,"Spotsylvania County, VA",NA,NA,NA,"VA","Chancellorsville Campaign","Maj. Gen. Joseph Hooker","Gen. Robert E. Lee and Maj. Gen. Thomas J. Jackson","Confederate victory",1863-04-30,1863-05-06,7,"No",24000,14000,10000
"154","Chalk Bluff",NA,"Clay County, AR",NA,NA,NA,"AR","Marmaduke's Second Expedition into Missouri","Brig. Gen. William Vandever","Brig. Gen. John S. Marmaduke","Confederate victory",1863-05-01,1863-05-02,2,"No",NA,NA,NA
"155","Port Gibson","Thompson's Hill","Claiborne County, MS",NA,NA,NA,"MS","Grant's Operations against Vicksburg","Maj. Gen. Ulysses S. Grant","Brig. Gen. John S. Bowen","Union victory",1863-05-01,1863-05-01,1,"No",1648,861,787
"156","Salem Church","Banks' Ford","Spotsylvania County, VA",NA,NA,NA,"VA","Chancellorsville Campaign","Maj. Gen. John Sedgwick","Gen. Robert E. Lee","Confederate victory",1863-05-03,1863-05-04,2,"No",5000,NA,NA
"157","Fredericksburg II","Marye's Heights","Fredericksburg, VA",NA,NA,NA,"VA","Chancellorsville Campaign","Maj. Gen. John Sedgwick","Maj. Gen. Jubal A. Early","Union victory",1863-05-03,1863-05-03,1,"No",2000,NA,NA
"158","Raymond",NA,"Hinds County, MS",NA,NA,NA,"MS","Grant's Operations against Vicksburg","Maj. Gen. James B. McPherson","Brig. Gen. John Gregg","Union victory",1863-05-12,1863-05-12,1,"No",1011,442,569
"159","Jackson",NA,"Hinds County, MS","Jackson County, MS",NA,NA,"MS","Grant's Operations against Vicksburg","Maj. Gen. Ulysses S. Grant","Gen. Joseph E. Johnston and Brig. Gen. John Gregg","Union victory",1863-05-14,1863-05-14,1,"No",1136,286,850
"160","Champion Hill","Bakers Creek","Hinds County, MS",NA,NA,NA,"MS","Grant's Operations against Vicksburg","Maj. Gen. Ulysses S. Grant","Lt. Gen. John C. Pemberton","Union victory",1863-05-16,1863-05-16,1,"No",6757,2457,4300
"161","Big Black River Bridge","Big Black","Hinds County, MS","Warren County, MS",NA,NA,"MS","Grant's Operations against Vicksburg","Maj. Gen. John A. McClernand","Brig. Gen. John S. Bowen","Union victory",1863-05-17,1863-05-17,1,"No",2273,273,2000
"162","Vicksburg",NA,"Warren County, MS",NA,NA,NA,"MS","Grant's Operations against Vicksburg","Maj. Gen. Ulysses S. Grant","Lt. Gen. John C. Pemberton","Union victory",1863-05-18,1863-07-04,48,"No",19233,10142,9091
"163","Plains Store","Springfield Road","East Baton Rouge Parish, LA",NA,NA,NA,"LA","Siege of Port Hudson","Maj. Gen. Christopher C. Augur","Col. Frank P. Powers and Col. William R. Miles","Union victory",1863-05-21,1863-05-21,1,"No",250,150,100
"164","Port Hudson",NA,"East Baton Rouge Parish, LA","East Feliciana Parish, LA",NA,NA,"LA","Siege of Port Hudson","Maj. Gen. Nathaniel P. Banks","Maj. Gen. Franklin Gardner","Union victory",1863-05-21,1863-07-09,50,"No",12208,5000,7208
"165","Milliken's Bend",NA,"Madison Parish, LA",NA,NA,NA,"LA","Grant's Operations against Vicksburg","Col. Hermann Lieb","Brig. Gen. Henry E. McCulloch","Union victory",1863-06-07,1863-06-07,1,"No",837,652,185
"166","Brandy Station","Fleetwood Hill","Culpeper County, VA",NA,NA,NA,"VA","Gettysburg Campaign","Maj. Gen. Pleasonton","Maj. Gen. J.E.B. Stuart","Inconclusive",1863-06-09,1863-06-09,1,"No",1090,NA,NA
"167","Second Winchester",NA,"Frederick County, VA","Winchester, VA",NA,NA,"VA","Gettysburg Campaign","Brig. Gen. Robert Milroy","Lt. Gen. Richard S. Ewell","Confederate victory",1863-06-13,1863-06-15,3,"No",4709,4443,266
"168","Aldie",NA,"Loudoun County, VA",NA,NA,NA,"VA","Gettysburg Campaign","Brig. Gen. Judson Kilpatrick","Col. Thomas Munford","Inconclusive",1863-06-17,1863-06-17,1,"No",250,NA,NA
"169","Middleburg",NA,"Loudoun County, VA",NA,NA,NA,"VA","Gettysburg Campaign","Brig. Gen. David M. Gregg","Maj. Gen. J.E.B. Stuart","Inconclusive",1863-06-17,1863-06-19,3,"No",390,NA,NA
"170","LaFourche Crossing","Lafourche Crossing","Lafourche Parish, LA",NA,NA,NA,"LA","Taylor's Operations in West Louisiana","Lt. Col. Albert Stickney","Col. James P. Major","Union victory",1863-06-20,1863-06-21,2,"No",267,48,219
"171","Upperville",NA,"Loudoun County, VA",NA,NA,NA,"VA","Gettysburg Campaign","Maj. Gen. Alfred Pleasonton","Brig. Gen. Wade Hampton and Brig. Gen. Beverly Robertson","Inconclusive",1863-06-21,1863-06-21,1,"No",400,NA,NA
"172","Hoover's Gap",NA,"Bedford County, TN","Rutherford County, TN",NA,NA,"TN","Tullahoma Campaign","Maj. Gen. George H. Thomas","Maj. Gen. Alexander P. Stewart","Union victory",1863-06-24,1863-06-26,3,"No",NA,NA,NA
"173","Donaldsonville",NA,"Ascension Parish, LA",NA,NA,NA,"LA","Taylor's Operations in West Louisiana","Maj. Joseph D. Bullen","Brig. Gen. Tom Green","Union victory",1863-06-28,1863-06-28,1,"No",324,23,301
"174","Goodrich's Landing","The Mounds, Lake Providence","East Carroll Parish, LA",NA,NA,NA,"LA","Grant's Operations against Vicksburg","Brig. Gen. Alfred W. Ellet","Col. William H. Parsons","Inconclusive",1863-06-29,1863-06-30,2,"No",NA,120,NA
"175","Hanover",NA,"York County, PA",NA,NA,NA,"PA","Gettysburg Campaign","Brig. Gen. H. Judson Kilpatrick","Maj. Gen. J.E.B. Stuart","Inconclusive",1863-06-30,1863-06-30,1,"No",330,NA,NA
"176","Cabin Creek",NA,"Mayes County, OK",NA,NA,NA,"OK","Operations to Control Indian Territory","Col. James M. Williams","Col. Stand Watie","Union victory",1863-07-01,1863-07-02,2,"No",88,23,65
"177","Gettysburg",NA,"Adams County, PA",NA,NA,NA,"PA","Gettysburg Campaign","Maj. Gen. George G. Meade","Gen. Robert E. Lee","Union victory",1863-07-01,1863-07-03,3,"No",51000,23000,28000
"178","Helena",NA,"Phillips County, AR",NA,NA,NA,"AR","Grant's Operations against Vicksburg","Maj. Gen. Benjamin Prentiss","Lt. Gen. Theophilus H. Holmes","Union victory",1863-07-04,1863-07-04,1,"No",1842,206,1636
"179","Williamsport","Hagerstown, Falling Waters","Washington County, MD",NA,NA,NA,"MD","Gettysburg Campaign","Maj. Gen. George G. Meade","Gen. Robert E. Lee","Inconclusive",1863-07-06,1863-07-16,11,"No",1730,NA,NA
"180","Boonsboro",NA,"Washington County, MD",NA,NA,NA,"MD","Gettysburg Campaign","Maj. Gen. Alfred Pleasonton","Maj. Gen. J.E.B. Stuart","Inconclusive",1863-07-08,1863-07-08,1,"No",100,NA,NA
"181","Corydon",NA,"Harrison, IN",NA,NA,NA,"IN","Morgan's Raid in Kentucky, Indiana, and Ohio","BCol. Lewis Jordan","Brig. Gen. John Hunt Morgan","Confederate victory",1863-07-09,1863-07-09,1,"No",401,360,41
"182","Fort Wagner","First Assault, Morris Island","Charleston, SC",NA,NA,NA,"SC","Operations against Defenses of Charleston","Brig. Gen. Qunicy Gillmore","Gen. P.G.T. Beauregard","Confederate victory",1863-07-10,1863-07-11,2,"No",351,339,12
"183","Grimball's Landing","Secessionville, James Island","Charleston, SC","James Island, SC",NA,NA,"SC","Operations against Defenses of Charleston","Brig. Gen. Alfred H. Terry","Brig. Gen. Johnson Hagood","Inconclusive",1863-07-16,1863-07-16,1,"No",NA,NA,18
"184","Honey Springs","Elk Creek, Shaw's Inn","Muskogee County, OK","McIntosh County, OK",NA,NA,"OK","Operations to Control Indian Territory","Maj. Gen. James G. Blunt","Brig. Gen. Douglas H. Cooper","Union victory",1863-07-17,1863-07-17,1,"No",716,79,637
"185","Fort Wagner/Morris Island","Second Assault, Morris Island","Charleston, SC",NA,NA,NA,"SC","Operations against Defenses of Charleston","Maj. Gen. Quincy Gillmore","Gen. P.G.T. Beauregard","Confederate victory",1863-07-18,1863-09-07,52,"No",1689,1515,174
"186","Buffington Island","St. Georges Creek","Meigs County, OH",NA,NA,NA,"OH","Morgan's Raid in Kentucky, Indiana, and Ohio","Brig. Gen. Edward H. Hobson","Brig. Gen. John Hunt Morgan","Union victory",1863-07-19,1863-07-19,1,"No",925,25,900
"187","Manassas Gap","Wapping Heights","Warren County, VA",NA,NA,NA,"VA","Gettysburg Campaign","Maj. Gen. William H. French","Maj. Gen. Richard Anderson","Inconclusive",1863-07-23,1863-07-23,1,"No",440,NA,NA
"188","Big Mound",NA,"Kidder County, ND",NA,NA,NA,"ND","Operations against the Sioux in North Dakota","Brig. Gen. Henry Hastings Sibley","Chief Inkpaduta [I]","Union victory",1863-07-24,1863-07-25,2,"No",NA,NA,13
"189","Salineville","New Lisbon, New Lisbon Road, Wellsville","Columbiana County, OH",NA,NA,NA,"OH","Morgan's Raid in Kentucky, Indiana, and Ohio","Brig. Gen. James Shackelford","Brig. Gen. John Hunt Morgan","Union victory",1863-07-26,1863-07-26,1,"No",364,0,364
"190","Dead Buffalo Lake",NA,"Kidder County, ND",NA,NA,NA,"ND","Operations against the Sioux in North Dakota","Brig. Gen. Henry Hastings Sibley","Chief Inkpaduta [I]","Union victory",1863-07-26,1863-07-26,1,"No",NA,NA,NA
"191","Stony Lake",NA,"Burleigh County, ND",NA,NA,NA,"ND","Operations against the Sioux in North Dakota","Brig. Gen. Henry Hastings Sibley","Chief Inkpaduta [I]","Union victory",1863-07-28,1863-07-28,1,"No",NA,NA,NA
"192","Fort Sumter","Charleston Harbor, Morris Island","Charleston, SC",NA,NA,NA,"SC","Operations against Defenses of Charleston","Maj. Gen. Quincy Gillmore","Gen. P.G.T. Beauregard","Inconclusive",1863-08-17,1863-12-31,137,"No",NA,NA,NA
"193","Lawrence","Lawrence Massacre","Douglas County, KS",NA,NA,NA,"KS","Quantrill's Raid into Kansas","No Union commander","Lt. Col. William C. Quantrill","Confederate victory",1863-08-21,1863-08-21,1,"No",204,164,40
"194","Chattanooga",NA,"Hamilton County, TN","Chattanooga, TN",NA,NA,"TN","Chickamauga Campaign","Col. John T. Wilder","D.H. Hill","Union victory",1863-08-21,1863-08-21,1,"No",NA,NA,NA
"195","Devil's Backbone","Backbone Mountain","Sebastian County, AR",NA,NA,NA,"AR","Operations to Control Indian Territory","Col. William F. Cloud","Brig. Gen. W.L. Cabell","Union victory",1863-09-01,1863-09-01,1,"No",81,16,65
"196","Whitestone Hill",NA,"Dickey County, ND",NA,NA,NA,"ND","Operations against the Sioux in North Dakota","Brig. Gen. Alfred Sully","Chief Inkpaduta [I]","Union victory",1863-09-03,1863-09-05,3,"No",822,72,750
"197","Charleston Harbor","Battery Gregg, Fort Wagner, Morris Island, Fort Sumter","Charleston County, SC",NA,NA,NA,"SC","Operations against Defenses of Charleston","Maj. Gen. Quincy Gillmore","Gen. P.G.T. Beauregard","Confederate victory",1863-09-07,1863-09-08,2,"No",NA,117,NA
"198","Sabine Pass II",NA,"Jefferson County, TX",NA,NA,NA,"TX","Operations to Blockade the Texas Coast","Maj. Gen. William B. Franklin and Capt. Frederick Crocker, U.S.N.","Lt. Richard W. Dowling","Confederate victory",1863-09-08,1863-09-08,1,"No",NA,230,NA
"199","Davis' Cross Roads","Dug Gap","Dade County, GA","Walker County, GA",NA,NA,"GA","Chickamauga Campaign","Maj. Gen. James Negley","Maj. Gen. Thomas C. Hindman and Maj. Gen. John C. Breckinridge","Union victory",1863-09-10,1863-09-11,2,"No",NA,NA,NA
"200","Bayou Fourche","Little Rock","Pulaski County, AR",NA,NA,NA,"AR","Advance on Little Rock","Brig. Gen. John W. Davidson","Brig. Gen. John S. Marmaduke","Union victory",1863-09-10,1863-09-10,1,"No",NA,72,NA
"201","Chickamauga",NA,"Catoosa County, GA","Walker County, GA",NA,NA,"GA","Chickamauga Campaign","Maj. Gen. William S. Rosecrans and Maj. Gen. George H. Thomas","Gen. Braxton Bragg and Lt. Gen. James Longstreet","Confederate victory",1863-09-18,1863-09-20,3,"No",34624,16170,18454
"202","Blountsville",NA,"Sullivan County, TN",NA,NA,NA,"TN","East Tennessee Campaign","Col. John W. Foster","Col. James E. Carter","Union victory",1863-09-22,1863-09-22,1,"No",192,27,165
"203","Stirling's Plantation","Fordoche Bridge","Pointe Coupee Parish, LA",NA,NA,NA,"LA","Taylor's Operations in West Louisiana","Maj. Gen. Napoleon J.T. Dana","Brig. Gen. Tom Green","Confederate victory",1863-09-29,1863-09-29,1,"No",575,454,NA
"204","Baxter Springs","Baxter Springs Massacre","Cherokee County, KS",NA,NA,NA,"KS","Occupation of Indian Territory North of the Arkansas River","Lt. James B. Pond and Maj. Gen. James G. Blunt","Lt. Col. William C. Quantrill","Confederate victory",1863-10-06,1863-10-06,1,"No",106,103,3
"205","Blue Springs",NA,"Greene County, TN",NA,NA,NA,"TN","East Tennessee Campaign","Maj. Gen. Ambrose E. Burnside","Brig. Gen. John S. Williams","Union victory",1863-10-10,1863-10-10,1,"No",316,100,216
"206","Auburn","Catlett's Station, St. Stephen's Church","Fauquier County, VA",NA,NA,NA,"VA","Bristoe Campaign","Maj. Gen. William. H. French","Maj. Gen. J.E.B. Stuart","Inconclusive",1863-10-13,1863-10-13,1,"No",50,NA,NA
"207","Auburn","Coffee Hill","Fauquier County, VA",NA,NA,NA,"VA","Bristoe Campaign","Maj. Gen. G.K. Warren","Maj. Gen. J.E.B. Stuart","Inconclusive",1863-10-14,1863-10-14,1,"No",113,NA,NA
"208","Bristoe Station",NA,"Prince William County, VA",NA,NA,NA,"VA","Bristoe Campaign","Maj. Gen. G.K. Warren","Lt. Gen. A.P. Hill","Union victory",1863-10-14,1863-10-14,1,"No",1980,NA,NA
"209","Fort Brooke",NA,"Tampa, FL",NA,NA,NA,"FL","Expedition to Hillsborough River","Lt. Comdr. A.A. Semmes","Capt. John Westcott","Union victory",1863-10-16,1863-10-18,3,"No",NA,NA,NA
"210","Buckland Mills","Buckland Races, Chestnut Hill","Fauquier County, VA",NA,NA,NA,"VA","Bristoe Campaign","Maj. Gen. J. Kilpatrick","Maj. Gen. J.E.B. Stuart","Confederate victory",1863-10-19,1863-10-19,1,"No",230,NA,NA
"211","Pine Bluff",NA,"Jefferson County, AR",NA,NA,NA,"AR","Advance on Little Rock","Col. Powell Clayton","Brig. Gen. John S. Marmaduke","Union victory",1863-10-25,1863-10-25,1,"No",NA,56,NA
"212","Wauhatchie","Brown's Ferry","Hamilton County, TN","Marion County, TN","Dade County, GA",NA,"TN","Reopening of the Tennessee River","Maj. Gen. Joseph Hooker","Brig. Gen. Micah Jenkins","Union victory",1863-10-28,1863-10-29,2,"Yes",828,420,408
"213","Collierville",NA,"Shelby County, TN",NA,NA,NA,"TN","Operations on the Memphis & Charleston Railroad","Col. Edward Hatch","Brig. Gen. James R. Chalmers","Union victory",1863-11-03,1863-11-03,1,"No",155,60,95
"214","Droop Mountain",NA,"Pocahontas County, WV",NA,NA,NA,"WV","Averell's Raid on the Virginia & Tennessee Railroad","Brig. Gen. William W. Averell","Brig. Gen. John Echols","Union victory",1863-11-06,1863-11-06,1,"No",526,NA,NA
"215","Rappahannock Station",NA,"Fauquier County, VA","Culpeper County, VA",NA,NA,"VA","Bristoe Campaign","Maj. Gen. George G. Meade","Gen. Robert E. Lee","Union victory",1863-11-07,1863-11-07,1,"No",2537,NA,NA
"216","Campbell's Station",NA,"Knox County, TN",NA,NA,NA,"TN","Knoxville Campaign","Maj. Gen. Ambrose E. Burnside","Lt. Gen. James Longstreet","Union victory",1863-11-16,1863-11-16,1,"No",970,400,570
"217","Chattanooga",NA,"Hamilton County, TN","Chattanooga, TN",NA,NA,"TN","Chattanooga-Ringgold Campaign","Maj. Gen. Ulysses S. Grant","Gen. Braxton Bragg","Union victory",1863-11-23,1863-11-25,3,"No",12485,5815,6670
"218","Ringgold Gap",NA,"Catoosa County, GA",NA,NA,NA,"GA","Chattanooga-Ringgold Campaign","Maj. Gen. Joseph Hooker","Maj. Gen. Patrick R. Cleburne","Confederate victory",1863-11-27,1863-11-27,1,"No",912,432,480
"219","Mine Run","Payne's Farm, New Hope Church","Orange County, VA",NA,NA,NA,"VA","Mine Run Campaign","Maj. Gen. George G. Meade","Gen. Robert E. Lee","Inconclusive",1863-11-27,1863-12-02,6,"No",1952,1272,680
"220","Fort Sanders","Fort Loudon","Knox County, TN",NA,NA,NA,"TN","Knoxville Campaign","Maj. Gen. Ambrose E. Burnside","Lt. Gen. James Longstreet","Union victory",1863-11-29,1863-11-29,1,"No",880,100,780
"221","Bean's Station",NA,"Grainger County, TN",NA,NA,NA,"TN","Knoxville Campaign","Brig. Gen. J.M. Shackelford","Lt. Gen. James Longstreet","Confederate victory",1863-12-14,1863-12-14,1,"No",1600,700,900
"222","Mossy Creek",NA,"Jefferson County, TN",NA,NA,NA,"TN","Operations about Dandridge, Tennessee","Brig. Gen. Samuel D. Sturgis","Maj. Gen. William T. Martin","Union victory",1863-12-29,1863-12-29,1,"No",NA,151,NA
"223","Dandridge",NA,"Jefferson County, TN",NA,NA,NA,"TN","Operations about Dandridge, Tennessee","Brig. Gen. Samuel D. Sturgis","Lt. Gen. James Longstreet","Confederate victory",1864-01-17,1864-01-17,1,"No",NA,150,NA
"224","Athens",NA,"Limestone County, AL",NA,NA,NA,"AL","Operations in North Alabama","Capt. Emil Adams","Lt. Col. Moses W. Hannon","Union victory",1864-01-26,1864-01-26,1,"No",50,20,30
"225","Fair Garden",NA,"Sevier County, TN",NA,NA,NA,"TN","Operations about Dandridge, Tennessee","Brig. Gen. Samuel D. Sturgis and Col. Edward M. McCook","Maj. Gen. William T. Martin","Union victory",1864-01-27,1864-01-27,1,"No",265,100,165
"226","Morton's Ford","Rapidan River","Orange County, VA","Culpeper County, VA",NA,NA,"VA","Demonstration on the Rapidan River","Brig. Gen. J.C. Caldwell","Lt. Gen. Richard S. Ewell","Inconclusive",1864-02-06,1864-02-07,2,"No",723,NA,NA
"227","Middle Boggy Depot","Middle Boggy","Pontotoc County, OK",NA,NA,NA,"OK","Operations in the Indian Territory","Maj. Charles Willette","Lt. Col. John Jumper","Union victory",1864-02-13,1864-02-13,1,"No",NA,NA,NA
"228","Meridian",NA,"Lauderdale County, MS",NA,NA,NA,"MS","Meridian and Yazoo River Expeditions","Maj. Gen. William T. Sherman","Lt. Gen. Leonidas Polk","Union victory",1864-02-14,1864-02-20,7,"No",NA,NA,NA
"229","Olustee","Ocean Pond","Baker County, FL",NA,NA,NA,"FL","Florida Expedition","Brig. Gen. Truman Seymour","Brig. Gen. Joseph Finegan","Confederate victory",1864-02-20,1864-02-20,1,"No",2806,1860,946
"230","Okolona",NA,"Chickasaw County, MS",NA,NA,NA,"MS","Meridian and Yazoo River Expeditions","Brig. Gen. William Sooy Smith","Maj. Gen. Nathan Bedford Forrest","Confederate victory",1864-02-22,1864-02-22,1,"No",150,100,50
"231","Dalton I",NA,"Whitfield County, GA",NA,NA,NA,"GA","Demonstration on Dalton","Maj. Gen. George H. Thomas","Gen. Joseph E. Johnston","Confederate victory",1864-02-22,1864-02-27,6,"No",NA,NA,NA
"232","Walkerton","Mantapike Hill","King and Queen County, VA",NA,NA,NA,"VA","Kilpatrick-Dahlgren Raid","Brig. Gen. Judson Kilpatrick and Col. Ulric Dahlgren [CS]","Maj. Gen. Wade Hampton","Confederate victory",1864-03-02,1864-03-02,1,"No",NA,NA,NA
"233","Fort DeRussy",NA,"Avoyelles Parish, LA",NA,NA,NA,"LA","Red River Campaign","Brig. Gen. A.J. Smith and Brig. Gen. Joseph Mower","Lt. Col. William Byrd","Union victory",1864-03-14,1864-03-14,1,"No",317,48,269
"234","Paducah",NA,"McCracken County, KY",NA,NA,NA,"KY","Forrest's Expedition into West Tennessee and Kentucky","Col. Stephen G. Hicks and Lt. Cdr. James W. Shirk","Maj. Gen. Nathan B. Forrest","Confederate victory",1864-03-25,1864-03-25,1,"No",140,90,50
"235","Elkin's Ferry","Okolona","Clark County, AR","Nevada County, AR",NA,NA,"AR","Camden Expedition","Maj. Gen. Fred Steele","Brig. Gen. John S. Marmaduke","Union victory",1864-04-03,1864-04-04,2,"No",92,38,54
"236","Mansfield","Sabine Cross-Roads, Pleasant Grove","DeSoto Parish, LA",NA,NA,NA,"LA","Red River Campaign","Maj. Gen. Nathaniel P. Banks","Maj. Gen. Richard Taylor","Confederate victory",1864-04-08,1864-04-08,1,"No",4400,2900,1500
"237","Pleasant Hill",NA,"DeSoto Parish, LA","Sabine Parish, LA",NA,NA,"LA","Red River Campaign","Maj. Gen. Nathaniel P. Banks","Maj. Gen. Richard Taylor","Union victory",1864-04-09,1864-04-09,1,"No",3100,1100,2000
"238","Prairie D'Ane","Gum Grove, Moscow","Nevada County, AR",NA,NA,NA,"AR","Camden Expedition","Maj. Gen. Fred Steele","Maj. Gen. Sterling Price","Union victory",1864-04-09,1864-04-13,5,"No",NA,NA,NA
"239","Fort Pillow",NA,"Lauderdale County, TN",NA,NA,NA,"TN","Forrest's Expedition into West Tennessee and Kentucky","Maj. Lionel F. Booth and Maj. William F. Bradford","Maj. Gen. Nathan Bedford Forrest","Confederate victory",1864-04-12,1864-04-12,1,"No",654,574,80
"240","Blair's Landing","Pleasant Hill Landing","Red River Parish, LA",NA,NA,NA,"LA","Red River Campaign","Brig. Gen. Thomas Kilby Smith and Rear Adm. David D. Porter","Brig. Gen. Tom Green","Union victory",1864-04-12,1864-04-13,2,"No",207,7,200
"241","Plymouth",NA,"Washington County, NC",NA,NA,NA,"NC","Operations against Plymouth","Col. Henry W. Wessells","Maj. Gen. R.F. Hoke","Confederate victory",1864-04-17,1864-04-20,4,"No",2834,NA,NA
"242","Poison Spring",NA,"Ouachita County, AR",NA,NA,NA,"AR","Camden Expedition","Col. James M. Williams","Brig. Gen. John S. Marmaduke and Brig. Gen. Samuel Bell Maxey","Confederate victory",1864-04-18,1864-04-18,1,"No",415,301,114
"243","Monett's Ferry","Cane River Crossing","Natchitoches Parish, LA",NA,NA,NA,"LA","Red River Campaign","Maj. Gen. Nathaniel P. Banks","Brig. Gen. Hamilton P. Bee","Union victory",1864-04-23,1864-04-23,1,"No",600,200,400
"244","Marks' Mills",NA,"Cleveland County, AR",NA,NA,NA,"AR","Camden Expedition","Lt. Col. Francis Drake","Brig. Gen. James B. Fagan","Confederate victory",1864-04-25,1864-04-25,1,"No",1793,1500,293
"245","Jenkins' Ferry",NA,"Grant County, AR",NA,NA,NA,"AR","Camden Expedition","Maj. Gen. Fred Steele","Gen. E. Kirby Smith","Union victory",1864-04-30,1864-04-30,1,"No",964,521,443
"246","Albemarle Sound",NA,"Chowan County, NC","Washington County, NC",NA,NA,"NC","Operations against Plymouth","Capt. Melancton Smith","Cdr. J.W. Cooke","Inconclusive",1864-05-05,1864-05-05,1,"No",88,NA,NA
"247","Wilderness","Combats at Parker's Store, Craig's Meeting House, Todd's Tavern, Brock Road, the Furnaces","Spotsylvania County, VA",NA,NA,NA,"VA","Grant's Overland Campaign","Lt. Gen. Ulysses S. Grant and Maj. Gen. George G. Meade","Gen. Robert E. Lee","Inconclusive",1864-05-05,1864-05-07,3,"No",29800,18400,11400
"248","Port Walthall Junction",NA,"Chesterfield County, VA",NA,NA,NA,"VA","Bermuda Hundred Campaign","Maj. Gen. Benjamin Butler","Brig. Gen. Johnson Hagood","Union victory",1864-05-06,1864-05-07,2,"No",550,NA,NA
"249","Rocky Face Ridge","Combats at Buzzard Roost, Mill Creek, Dug Gap","Whitfield County, GA",NA,NA,NA,"GA","Atlanta Campaign","Maj. Gen. William T. Sherman","Gen. Joseph E. Johnston","Union victory",1864-05-07,1864-05-13,7,"No",NA,NA,NA
"250","Spotsylvania Court House","Combats at Laurel Hill and Corbin's Bridge (May 8); Ni River (May 9); Laurel Hill, Po River, and Bloody Angle (May 10); Salient or Bloody Angle (May 12-13); Piney Branch Church (May 15); Harrison House (May 18); Harris Farm (May 19)","Spotsylvania County, VA",NA,NA,NA,"VA","Grant's Overland Campaign","Lt. Gen. Ulysses S. Grant and Maj. Gen. George G. Meade","Gen. Robert E. Lee","Inconclusive",1864-05-08,1864-05-21,14,"No",30000,18000,12000
"251","Swift Creek","Arrowfield Church","Chesterfield County, VA",NA,NA,NA,"VA","Bermuda Hundred Campaign","Maj. Gen. Benjamin Butler","Gen. P.G.T. Beauregard","Inconclusive",1864-05-09,1864-05-09,1,"No",990,NA,NA
"252","Cloyd's Mountain",NA,"Pulaski County, VA",NA,NA,NA,"VA","Crook-Averell Raid on the Virginia & Tennessee Railroad","Brig. Gen. George Crook","Brig. Gen. Albert Jenkins","Union victory",1864-05-09,1864-05-09,1,"No",1500,NA,NA
"253","Cove Mountain",NA,"Wythe County, VA",NA,NA,NA,"VA","Crook-Averell Raid on the Virginia & Tennessee Railroad","Brig. Gen. William W. Averell","Brig. Gen. William. E. Jones","Inconclusive",1864-05-10,1864-05-10,1,"No",300,NA,NA
"254","Chester Station",NA,"Chesterfield County, VA",NA,NA,NA,"VA","Bermuda Hundred Campaign","Maj. Gen. Benjamin Butler","Gen. P.G.T. Beauregard","Inconclusive",1864-05-10,1864-05-10,1,"No",569,NA,NA
"255","Yellow Tavern",NA,"Henrico County, VA",NA,NA,NA,"VA","Grant's Overland Campaign","Maj. Gen. Philip Sheridan","Maj. Gen. J.E.B. Stuart","Union victory",1864-05-11,1864-05-11,1,"No",800,NA,NA
"256","Proctor's Creek","Drewry's Bluff, Fort Darling","Chesterfield County, VA",NA,NA,NA,"VA","Bermuda Hundred Campaign","Maj. Gen. Benjamin Butler","Gen. P.G.T. Beauregard","Confederate victory",1864-05-12,1864-05-16,5,"No",6660,NA,NA
"257","Resaca",NA,"Gordon County, GA","Whitfield County, GA",NA,NA,"GA","Atlanta Campaign","Maj. Gen. William T. Sherman","Gen. Joseph E. Johnston","Inconclusive",1864-05-13,1864-05-15,3,"No",5547,2747,2800
"258","New Market",NA,"Shenandoah County, VA",NA,NA,NA,"VA","Lynchburg Campaign","Maj. Gen. Franz Sigel","Maj. Gen. John C. Breckinridge","Confederate victory",1864-05-15,1864-05-15,1,"No",1380,840,540
"259","Mansura","Smith's Place, Marksville","Avoyelles Parish, LA",NA,NA,NA,"LA","Red River Campaign","Maj. Gen. Nathaniel P. Banks","Maj. Gen. Richard Taylor","Union victory",1864-05-16,1864-05-16,1,"No",NA,NA,NA
"260","Adairsville",NA,"Bartow County, GA","Gordon County, GA",NA,NA,"GA","Atlanta Campaign","Maj. Gen. William T. Sherman","Gen. Joseph E. Johnston","Confederate victory",1864-05-17,1864-05-17,1,"No",NA,200,NA
"261","Yellow Bayou","Norwood's Plantation","Avoyelles Parish, LA",NA,NA,NA,"LA","Red River Campaign","Brig. Gen. Joseph A. Mower","Maj. Gen. Richard Taylor","Union victory",1864-05-18,1864-05-18,1,"No",860,360,500
"262","Ware Bottom Church",NA,"Chesterfield County, VA",NA,NA,NA,"VA","Bermuda Hundred Campaign","Maj. Gen. Benjamin Butler","Gen. P.G.T. Beauregard","Confederate victory",1864-05-20,1864-05-20,1,"No",1500,NA,NA
"263","North Anna","Telegraph Road Bridge, Jericho Mill (May 23); Ox Ford, Quarles Mill, Hanover Junction (May 24)","Caroline County, VA","Hanover County, VA",NA,NA,"VA","Grant's Overland Campaign","Lt. Gen. Ulysses S. Grant and Maj. Gen. George G. Meade","Gen. Robert E. Lee","Inconclusive",1864-05-23,1864-05-26,4,"No",4000,NA,NA
"264","Wilson's Wharf","Fort Pocahontas","Charles City, VA",NA,NA,NA,"VA","Grant's Overland Campaign","Brig. Gen. Edward Wild","Maj. Gen. Fitzhugh Lee","Union victory",1864-05-24,1864-05-24,1,"No",165,NA,NA
"265","New Hope Church",NA,"Paulding County, GA",NA,NA,NA,"GA","Atlanta Campaign","Maj. Gen. William T. Sherman and Maj. Gen. Joseph Hooker","Gen. Joseph E. Johnston","Confederate victory",1864-05-25,1864-05-26,2,"No",NA,1600,NA
"266","Dallas","New Hope Church, Pumpkinvine Creek","Paulding County, GA",NA,NA,NA,"GA","Atlanta Campaign","Maj. Gen. William T. Sherman","Gen. Joseph E. Johnston","Union victory",1864-05-26,1864-06-01,7,"No",5400,2400,3000
"267","Pickett's Mill","New Hope, New Hope Church","Paulding County, GA",NA,NA,NA,"GA","Atlanta Campaign","Maj. Gen. Oliver Otis Howard","Maj. Gen. Patrick R. Cleburne","Confederate victory",1864-05-27,1864-05-27,1,"No",2100,1600,500
"268","Haw's Shop","Enon Church","Hanover County, VA",NA,NA,NA,"VA","Grant's Overland Campaign","Brig. Gen. David M. Gregg","Maj. Gen. Fitzhugh Lee and Maj. Gen. Wade Hampton","Inconclusive",1864-05-28,1864-05-28,1,"No",744,344,400
"269","Totopotomoy Creek","Bethesda Church, Crumps Creek, Matadequin Creek, Shady Grove Road, Hanovertown","Hanover County, VA",NA,NA,NA,"VA","Grant's Overland Campaign","Lt. Gen. Ulysses S. Grant and Maj. Gen. George G. Meade","Gen. Robert E. Lee","Inconclusive",1864-05-28,1864-05-30,3,"No",2200,1100,1100
"270","Old Church","Matadequin Creek","Hanover County, VA",NA,NA,NA,"VA","Grant's Overland Campaign","Brig. Gen. Alfred Torbert","Brig. Gen. Matthew C. Butler","Union victory",1864-05-30,1864-05-30,1,"No",900,NA,NA
"271","Cold Harbor","Second Cold Harbor","Hanover County, VA",NA,NA,NA,"VA","Grant's Overland Campaign","Lt. Gen. Ulysses S. Grant and Maj. Gen. George G. Meade","Gen. Robert E. Lee","Confederate victory",1864-05-31,1864-06-12,13,"No",15500,13000,2500
"272","Piedmont","Piedmont","Augusta County, VA",NA,NA,NA,"VA","Lynchburg Campaign","Maj. Gen. David Hunter","Brig. Gen. William E. Jones","Union victory",1864-06-05,1864-06-06,2,"No",2375,875,1500
"273","Old River Lake","Ditch Bayou, Lake Chicot, Lake Village, Furlough, Fish Bayou, Grand Lake","Chicot County, AR",NA,NA,NA,"AR","Expedition to Lake Village","Brig. Gen. Joseph A. Mower","Col. Colton Greene","Union victory",1864-06-06,1864-06-06,1,"No",280,180,100
"274","Petersburg","Old Men and Young Boys","Petersburg, VA",NA,NA,NA,"VA","Richmond-Petersburg Campaign","Maj. Gen. Quincy Gillmore","Gen. P.G.T. Beauregard","Confederate victory",1864-06-09,1864-06-09,1,"No",120,NA,NA
"275","Marrieta","Marietta Operations Battles Associated with the Operations: Brushy Mountain, Gilgal Church, Lost Mountain, Mcaffee's Cross Road, Mud Creek, Neal Dow Station, Noonday Creek, Pine Hill, Pine Mountain, Rottenwood Creek, Ruff's Mill","Cobb County, GA",NA,NA,NA,"GA","Atlanta Campaign","Maj. Gen. William T. Sherman","Gen. Joseph E. Johnston","Union victory",1864-06-09,1864-07-03,25,"No",NA,NA,NA
"276","Brice's Cross Roads","Tishomingo Creek","Prentiss County, MS","Union County, MS",NA,NA,"MS","Forrest's Defense of Mississippi","Brig. Gen. Samuel D. Sturgis","Maj. Gen. Nathan Bedford Forrest","Confederate victory",1864-06-10,1864-06-10,1,"No",3105,2610,495
"277","Trevilian Station","Trevilians","Louisa County, VA",NA,NA,NA,"VA","Grant's Overland Campaign","Maj. Gen. Philip Sheridan","Maj. Gen. Wade Hampton<U+FFFD>","Confederate victory",1864-06-11,1864-06-12,2,"No",1600,NA,NA
"278","Cynthiana","Kellar's Bridge","Harrison County, KY",NA,NA,NA,"KY","Morgan's Raid into Kentucky","Brig. Gen. Stephen Gano Burbridge","Brig. Gen. John Hunt Morgan","Union victory",1864-06-11,1864-06-12,2,"No",2092,1092,1000
"279","Petersburg","Assault on Petersburg","Petersburg, VA",NA,NA,NA,"VA","Richmond-Petersburg Campaign","Lt. Gen. Ulysses S. Grant and Maj. Gen. George G. Meade","Gen. Robert E. Lee and Gen. P.G.T. Beauregard","Confederate victory",1864-06-15,1864-06-18,4,"No",11386,8150,3236
"280","Lynchburg",NA,"Lynchburg, VA",NA,NA,NA,"VA","Lynchburg Campaign","Maj. Gen. David Hunter","Lt. Gen. Jubal A. Early","Confederate victory",1864-06-17,1864-06-18,2,"No",900,NA,NA
"281","Jerusalem Plank Road","First Battle of Weldon Railroad","Dinwiddie County, VA","Petersburg, VA",NA,NA,"VA","Richmond-Petersburg Campaign","Lt. Gen. Ulysses S. Grant and Maj. Gen. George G. Meade","Gen. Robert E. Lee","Union victory",1864-06-21,1864-06-24,4,"No",4000,NA,NA
"282","Kolb's Farm",NA,"Cobb County, GA",NA,NA,NA,"GA","Atlanta Campaign","Maj. Gen. John M. Schofield and Maj. Gen. Joseph Hooker","Lt. Gen. John B. Hood","Union victory",1864-06-22,1864-06-22,1,"No",1350,350,1000
"283","Saint Mary's Church","Nance's Shop","Charles City, VA",NA,NA,NA,"VA","Grant's Overland Campaign","Maj. Gen. Philip Sheridan","Maj. Gen. Wade Hampton","Inconclusive",1864-06-24,1864-06-24,1,"No",630,NA,NA
"284","Staunton River Bridge","Blacks and Whites, Old Men and Young Boys","Halifax County, VA","Charlotte, VA",NA,NA,"VA","Richmond-Petersburg Campaign","Brig. Gen. James Wilson and Brig. Gen. August Kautz","Maj. Gen. William H.F. Rooney<U+FFFD> Lee","Confederate victory",1864-06-25,1864-06-25,1,"No",150,NA,NA
"285","Kennesaw Mountain",NA,"Cobb County, GA",NA,NA,NA,"GA","Atlanta Campaign","Maj. Gen. William T. Sherman","Gen. Joseph E. Johnston","Confederate victory",1864-06-27,1864-06-27,1,"No",4000,3000,1000
"286","Sappony Church","Stony Creek Depot","Sussex County, VA",NA,NA,NA,"VA","Richmond-Petersburg Campaign","Brig. Gen. James Wilson and Brig. Gen. August Kautz","Maj. Gen. Wade Hampton","Confederate victory",1864-06-28,1864-06-28,1,"No",1817,NA,NA
"287","Ream's Station","Reams' Station","Dinwiddie County, VA",NA,NA,NA,"VA","Richmond-Petersburg Campaign","Maj. Gen. James Wilson and Brig. Gen. August Kautz","Maj. Gen. William Mahone and Maj. Gen. Fitzhugh Lee","Confederate victory",1864-06-29,1864-06-29,1,"No",600,NA,NA
"288","Monocacy","Battle that Saved Washington","Frederick County, MD",NA,NA,NA,"MD","Early's Raid and Operations against the B&O Railroad","Maj. Gen. Lew Wallace","Lt. Gen. Jubal A. Early","Confederate victory",1864-07-09,1864-07-09,1,"No",2359,NA,NA
"289","Fort Stevens","Washington","District of Columbia, DC",NA,NA,NA,"DC","Early's Raid and Operations against the B&O Railroad","Maj. Gen. Horatio G. Wright and Maj. Gen. Alexander McD. McCook","Lt. Gen. Jubal A. Early","Union victory",1864-07-11,1864-07-12,2,"No",874,NA,NA
"290","Tupelo","Harrisburg","Lee County, MS",NA,NA,NA,"MS","Forrest's Defense of Mississippi","Maj. Gen. A.J. Smith","Lt. Gen. Stephen D. Lee and Maj. Gen. Nathan Bedford Forrest","Union victory",1864-07-14,1864-07-15,2,"No",1948,648,1300
"291","Cool Spring","Island Ford, Parkers Ford, Snickers Ferry, Castleman's Ferry","Clarke County, VA",NA,NA,NA,"VA","Early's Raid and Operations against the B&O Railroad","Maj. Gen. Horatio Wright","Lt. Gen. Jubal A. Early","Confederate victory",1864-07-17,1864-07-18,2,"No",819,422,397
"292","Rutherford's Farm",NA,"Frederick County, VA","Winchester, VA",NA,NA,"VA","Early's Raid and Operations against the B&O Railroad","Commanders: Brig. Gen. William W. Averell","Maj. Gen. S.D. Ramseur","Union victory",1864-07-20,1864-07-20,1,"No",1100,NA,NA
"293","Peachtree Creek",NA,"Fulton County, GA",NA,NA,NA,"GA","Atlanta Campaign","Maj. Gen. George H. Thomas","Gen. John B. Hood","Union victory",1864-07-20,1864-07-20,1,"No",6506,1710,4796
"294","Atlanta",NA,"Fulton County, GA",NA,NA,NA,"GA","Atlanta Campaign","Maj. Gen. William T. Sherman","Gen. John Bell Hood","Union victory",1864-07-22,1864-07-22,1,"No",12140,3641,8499
"295","Second Kernstown",NA,"Frederick County, VA","Winchester, VA",NA,NA,"VA","Early's Raid and Operations against the B&O Railroad","Brig. Gen. George Crook","Lt. Gen. Jubal Early","Confederate victory",1864-07-24,1864-07-24,1,"No",1800,1200,600
"296","Deep Bottom I","Darbytown, Strawberry Plains, New Market Road, Gravel Hill","Henrico County, VA",NA,NA,NA,"VA","Richmond-Petersburg Campaign","Maj. Gen. Winfield Scott Hancock","Maj. Gen. Charles Field","Confederate victory",1864-07-27,1864-07-29,3,"No",1000,NA,NA
"297","Ezra Church","Battle of the Poor House","Fulton County, GA",NA,NA,NA,"GA","Atlanta Campaign","Maj. Gen. Oliver O. Howard","Gen. John B. Hood","Union victory",1864-07-28,1864-07-28,1,"No",3562,562,3000
"298","Killdeer Mountain","Tahkahokuty Mountain","Dunn County, ND",NA,NA,NA,"ND","Sully's Expedition against the Sioux in Dakota Territory","Brig. Gen. Alfred Sully","Chief Inkpaduta [I]","Union victory",1864-07-28,1864-07-29,2,"No",NA,NA,NA
"299","Crater","The Mine","Petersburg, VA",NA,NA,NA,"VA","Richmond-Petersburg Campaign","Maj. Gen. Ambrose E. Burnside","Gen. Robert E. Lee","Confederate victory",1864-07-30,1864-07-30,1,"No",5300,NA,NA
"300","Folck's Mill","Cumberland","Allegany County, MD",NA,NA,NA,"MD","Early's Raid and Operations against the B&O Railroad","Brig. Gen. Benjamin F. Kelly","Brig. Gen. John McCausland","Inconclusive",1864-08-01,1864-08-01,1,"No",38,NA,NA
"301","Mobile Bay","Passing of Forts Morgan and Gaines","Mobile County, AL","Baldwin County, AL",NA,NA,"AL","Operations in Mobile Bay","Adm. David G. Farragut and Maj. Gen. Gordon Granger","Adm. Franklin Buchanan and Brig. Gen. Richard L. Page","Union victory",1864-08-02,1864-08-23,22,"No",1822,322,1500
"302","Utoy Creek",NA,"Fulton County, GA",NA,NA,NA,"GA","Atlanta Campaign","Maj. Gen. John M. Schofield","Gen. John B. Hood","Inconclusive",1864-08-05,1864-08-07,3,"No",NA,NA,NA
"303","Moorefield","Oldfields","Hardy County, WV",NA,NA,NA,"WV","Early's Raid and Operations against the B&O Railroad","Brig. Gen. William W. Averell","Brig. Gen. John McCausland","Union victory",1864-08-07,1864-08-07,1,"No",531,NA,NA
"304","Deep Bottom II","New Market Road, Fussell's Mill, Bailey's Creek, Charles City Road, and White's Tavern","Henrico County, VA",NA,NA,NA,"VA","Richmond-Petersburg Campaign","Maj. Gen. Winfield Scott Hancock","Gen. Robert E. Lee and Maj. Gen. Charles Field","Confederate victory",1864-08-13,1864-08-20,8,"No",4600,NA,NA
"305","Dalton II",NA,"Whitfield County, GA",NA,NA,NA,"GA","Atlanta Campaign","Maj. Gen. James B. Steedman","Maj. Gen. Joseph Wheeler","Union victory",1864-08-14,1864-08-15,2,"No",NA,NA,NA
"306","Guard Hill","Front Royal, Cedarville","Warren County, VA",NA,NA,NA,"VA","Sheridan's Shenandoah Valley Campaign","Brig. Gen. Wesley Merritt","Lt. Gen. Richard Anderson","Inconclusive",1864-08-16,1864-08-16,1,"No",550,NA,NA
"307","Globe Tavern","Second Battle of Weldon Railroad, Yellow Tavern, Yellow House, Blick's Station","Dinwiddie County, VA",NA,NA,NA,"VA","Richmond-Petersburg Campaign","<U+FFFD> Maj. Gen. G.K. Warren","Gen. Robert E. Lee, Lt. Gen. A.P. Hill, Maj. Gen. Henry Heth, and Maj. Gen. William Mahone","Union victory",1864-08-18,1864-08-21,4,"No",5879,4279,1600
"308","Lovejoy's Station",NA,"Clayton County, GA",NA,NA,NA,"GA","Atlanta Campaign","Brig. Gen. H. Judson Kilpatrick","Brig. Gen. William H. Jackson","Confederate victory",1864-08-20,1864-08-20,1,"No",NA,NA,NA
"309","Memphis",NA,"Shelby County, TN",NA,NA,NA,"TN","Forrest's Defense of Mississippi","Maj. Gen. C.C. Washburn","Brig. Gen. Nathan Bedford Forrest","Confederate victory",1864-08-21,1864-08-21,1,"No",94,160,34
"310","Summit Point","Flowing Springs, Cameron's Depot","Jefferson County, WV",NA,NA,NA,"WV","Sheridan's Shenandoah Valley Campaign","Maj. Gen. Philip Sheridan","Lt. Gen. Jubal Early","Inconclusive",1864-08-21,1864-08-21,1,"No",1000,NA,NA
"311","Ream's Station","Reams' Station","Dinwiddie County, VA",NA,NA,NA,"VA","Richmond-Petersburg Campaign","Maj. Gen. Winfield Scott Hancock","Maj. Gen. Henry Heth","Confederate victory",1864-08-25,1864-08-25,1,"No",3492,NA,NA
"312","Smithfield Crossing",NA,"Jefferson County, WV","Berkeley County, WV",NA,NA,"WV","Sheridan's Shenandoah Valley Campaign","Brig. Gen. Wesley Merritt","Lt. Gen. Jubal Early","Inconclusive",1864-08-25,1864-08-29,5,"No",300,NA,NA
"313","Jonesborough",NA,"Clayton County, GA",NA,NA,NA,"GA","Atlanta Campaign","Maj. Gen. William T. Sherman","Lt. Gen. William J. Hardee","Union victory",1864-08-31,1864-09-01,2,"No",3149,1149,2000
"314","Berryville",NA,"Clarke County, VA",NA,NA,NA,"VA","Sheridan's Shenandoah Valley Campaign","Maj. Gen. Philip Sheridan","Lt. Gen. Jubal Early","Inconclusive",1864-09-03,1864-09-04,2,"No",500,NA,NA
"315","Opequon","Third Winchester","Frederick County, VA",NA,NA,NA,"VA","Sheridan's Shenandoah Valley Campaign","Maj. Gen. Philip Sheridan","Lt. Gen. Jubal A. Early","Union victory",1864-09-19,1864-09-19,1,"No",8630,5020,3610
"316","Fisher's Hill",NA,"Shenandoah County, VA",NA,NA,NA,"VA","Sheridan's Shenandoah Valley Campaign","Maj. Gen. Philip Sheridan","Lt. Gen. Jubal A. Early","Union victory",1864-09-21,1864-09-22,2,"No",1763,528,1235
"317","Fort Davidson","Pilot Knob","Iron County, MO",NA,NA,NA,"MO","Price's Missouri Expedition","Brig. Gen. Thomas Ewing, Jr.","Maj. Gen. Sterling Price","Union victory",1864-09-27,1864-09-27,1,"No",1684,184,1500
"318","Chaffin's Farm/New Market Heights","Combats at New Market Heights, Forts Harrison, Johnson, and Gilmer; Laurel Hill","Henrico County, VA",NA,NA,NA,"VA","Richmond-Petersburg Campaign","Maj. Gen. Benjamin Butler","Gen. Robert E. Lee and Lt. Gen. Richard S. Ewell","Union victory",1864-09-29,1864-09-30,2,"No",4430,NA,NA
"319","Peebles' Farm","Poplar Springs Church, Wyatt's Farm, Chappell's House, Pegram's Farm, Vaughan Road, Harmon Road","Dinwiddie County, VA",NA,NA,NA,"VA","Richmond-Petersburg Campaign","Maj. Gen. George G. Meade, Maj. Gen. John G. Parke, and Maj. Gen. G.K. Warren","Lt. Gen. A.P. Hill and Maj. Gen. Wade Hampton","Union victory",1864-09-30,1864-10-02,3,"No",3800,NA,NA
"320","Saltville",NA,"Smyth County, VA",NA,NA,NA,"VA","Burbridge's Raid into Southwest Virginia","Brig. Gen. Stephen Burbridge","Brig. Gen. Alfred E. Jackson","Confederate victory",1864-10-02,1864-10-02,1,"No",458,NA,NA
"321","Allatoona",NA,"Bartow County, GA",NA,NA,NA,"GA","Franklin-Nashville Campaign","Brig. Gen. John M. Corse","Maj. Gen. Samuel G. French","Union victory",1864-10-05,1864-10-05,1,"No",1505,706,799
"322","Darbytown & New Market Roads","Johnson's Farm, Fourmile Creek","Henrico County, VA",NA,NA,NA,"VA","Richmond-Petersburg Campaign","Brig. Gen. A. Kautz and Maj. Gen. David Birney","Gen. Robert E. Lee","Union victory",1864-10-07,1864-10-07,1,"No",1750,NA,NA
"323","Tom's Brook","Woodstock Races","Shenandoah County, VA",NA,NA,NA,"VA","Sheridan's Shenandoah Valley Campaign","Brig. Gen. Alfred Torbert","Maj. Gen. Thomas Rosser","Union victory",1864-10-09,1864-10-09,1,"No",407,57,350
"324","Darbytown Road","Alms House","Henrico County, VA",NA,NA,NA,"VA","Richmond-Petersburg Campaign","Maj. Gen. Alfred Terry","Lt. Gen. Richard Anderson","Confederate victory",1864-10-13,1864-10-13,1,"No",950,NA,NA
"325","Glasgow",NA,"Howard County, MO",NA,NA,NA,"MO","Price's Missouri Expedition","Col. Chester Harding","Brig. Gen. John B. Clark and Brig. Gen. Joe Shelby","Confederate victory",1864-10-15,1864-10-15,1,"No",450,400,50
"326","Lexington",NA,"Lafayette County, MO",NA,NA,NA,"MO","Price's Missouri Expedition","Maj. Gen. James G. Blunt","Maj. Gen. Sterling Price","Confederate victory",1864-10-19,1864-10-19,1,"No",NA,NA,NA
"327","Cedar Creek","Belle Grove","Frederick County, VA","Shenandoah County, VA","Warren County, VA",NA,"VA","Sheridan's Shenandoah Valley Campaign","Maj. Gen. Horatio Wright and Maj. Gen. Philip Sheridan","Lt. Gen. Jubal Early","Union victory",1864-10-19,1864-10-19,1,"No",8575,5665,2910
"328","Little Blue River","Westport","Jackson County, MO",NA,NA,NA,"MO","Price's Missouri Expedition","Maj. Gen. Samuel R. Curtis","Maj. Gen. Sterling Price","Confederate victory",1864-10-21,1864-10-21,1,"No",NA,NA,NA
"329","Independence",NA,"Jackson County, MO",NA,NA,NA,"MO","Price's Missouri Expedition","Maj. Gen. Alfred Pleasonton","Brig. Gen. James Fagan and Brig. Gen. John S. Marmaduke","Confederate victory",1864-10-22,1864-10-22,1,"No",NA,NA,140
"330","Byram's Ford","Big Blue River","Jackson County, MO",NA,NA,NA,"MO","Price's Missouri Expedition","Maj. Gen. James G. Blunt and Maj. Gen. Alfred Pleasonton","Brig. Gen. Joseph Shelby and Brig. Gen. John S. Marmaduke","Union victory",1864-10-22,1864-10-23,2,"No",NA,NA,NA
"331","Westport",NA,"Jackson County, MO",NA,NA,NA,"MO","Price's Missouri Expedition","Maj. Gen. Samuel R. Curtis","Maj. Gen. Sterling Price","Union victory",1864-10-23,1864-10-23,1,"No",3000,1500,1500
"332","Mine Creek","Battle of the Osage","Linn County, KS",NA,NA,NA,"KS","Price's Missouri Expedition","Gen. Alfred Pleasonton","Brig. Gen. John S. Marmaduke and Maj. Gen. James F. Fagan","Union victory",1864-10-25,1864-10-25,1,"No",1300,100,1200
"333","Marais des Cygnes","Battle of Osage, Battle of Trading Post","Linn County, KS",NA,NA,NA,"KS","Price's Missouri Expedition","Maj. Gen. Alfred Pleasonton","Maj. Gen. John S. Marmaduke and Maj. Gen. James F. Fagan","Union victory",1864-10-25,1864-10-25,1,"No",NA,NA,NA
"334","Marmiton River","Shiloh Creek, Charlot's Farm","Vernon County, MO",NA,NA,NA,"MO","Price's Missouri Expedition","Brig. Gen. John H. McNeil","Maj. Gen. Sterling Price","Union victory",1864-10-25,1864-10-25,1,"No",NA,NA,NA
"335","Decatur",NA,"Morgan County, AL","Limestone County, AL",NA,NA,"AL","Franklin-Nashville Campaign","Brig. Gen. Robert S. Granger","Gen. John B. Hood","Union victory",1864-10-26,1864-10-29,4,"No",605,155,450
"336","Fair Oaks & Darbytown Road","Second Fair Oaks","Henrico County, VA",NA,NA,NA,"VA","Richmond-Petersburg Campaign","Maj. Gen. Benjamin Butler","Lt. Gen. James Longstreet","Confederate victory",1864-10-27,1864-10-28,2,"No",1750,NA,NA
"337","Boydton Plank Road","Hatcher's Run, Burgess' Mill","Dinwiddie County, VA",NA,NA,NA,"VA","Richmond-Petersburg Campaign","Maj. Gen. Winfield Scott Hancock","Maj. Gen. Henry Heth","Confederate victory",1864-10-27,1864-10-28,2,"No",3058,1758,1300
"338","Newtonia",NA,"Newton County, MO",NA,NA,NA,"MO","Price's Missouri Expedition","Maj. Gen. James G. Blunt","Maj. Gen. Sterling Price","Union victory",1864-10-28,1864-10-28,1,"No",650,400,250
"339","Johnsonville",NA,"Benton County, TN",NA,NA,NA,"TN","Franklin-Nashville Campaign","Col. C.R. Thompson and Lt. Cdr. Edward M. King","Maj. Gen. Nathan Bedford Forrest","Confederate victory",1864-11-04,1864-11-05,2,"No",NA,NA,NA
"340","Bull<U+0092>s Gap <U+00A0><U+00A0>",NA,"Hamblen County, TN","Greene County, TN",NA,NA,"TN","Breckinridge<U+FFFD>s Advance into East Tennessee","Brig. Gen. Alvan C. Gillem","Maj. Gen. John C. Breckinridge","Confederate victory",1864-11-11,1864-11-13,3,"No",NA,241,NA
"341","Griswoldville",NA,"Jones County, GA","Twiggs County, GA",NA,NA,"GA","Savannah Campaign","Brig. Gen. Charles C. Walcutt","Brig. Gen. Pleasant J. Philips and Maj. Gen. Joseph Wheeler","Union victory",1864-11-22,1864-11-22,1,"No",712,62,650
"342","Columbia",NA,"Maury County, TN",NA,NA,NA,"TN","Franklin-Nashville Campaign","Maj. Gen. John M. Schofield","Gen. John Bell Hood","Confederate victory",1864-11-24,1864-11-29,6,"No",NA,NA,NA
"343","Buck Head Creek",NA,"Jenkins County, GA",NA,NA,NA,"GA","Savannah Campaign","Brig. Gen. H. Judson Kilpatrick","Maj. Gen. Joseph Wheeler","Union victory",1864-11-28,1864-11-28,1,"No",646,46,600
"344","Spring Hill",NA,"Maury County, TN",NA,NA,NA,"TN","Franklin-Nashville Campaign","Maj. Gen. John M. Schofield","Gen. John Bell Hood","Union victory",1864-11-29,1864-11-29,1,"No",NA,NA,NA
"345","Sand Creek","Chivington Massacre","Kiowa County, CO",NA,NA,NA,"CO","Sand Creek Campaign","Col. John Chivington","Black Kettle, Cheyenne [I]","Union victory",1864-11-29,1864-11-30,2,"No",NA,NA,200
"346","Honey Hill",NA,"Jasper County, SC",NA,NA,NA,"SC","Savannah Campaign","Maj. Gen. John Hatch","Col. Charles Colcock","Confederate victory",1864-11-30,1864-11-30,1,"No",796,746,50
"347","Franklin",NA,"Williamson County, TN",NA,NA,NA,"TN","Franklin-Nashville Campaign","Maj. Gen. John M. Schofield","Gen. John B. Hood","Union victory",1864-11-30,1864-11-30,1,"No",8587,2326,6261
"348","Waynesborough",NA,"Burke County, GA",NA,NA,NA,"GA","Savannah Campaign","Brig. Gen. H. Judson Kilpatrick","Maj. Gen. Joseph Wheeler","Union victory",1864-12-04,1864-12-04,1,"No",440,190,250
"349","Murfreesboro","Wilkinson Pike, Cedars","Rutherford County, TN",NA,NA,NA,"TN","Franklin-Nashville Campaign","Maj. Gen. Lovell H. Rousseau and Brig. Gen. Robert Milroy","Maj. Gen. Nathan Bedford Forrest","Union victory",1864-12-05,1864-12-07,3,"No",422,225,197
"350","Fort Fisher",NA,"New Hanover County, NC",NA,NA,NA,"NC","Expedition against Fort Fisher","Rear Adm. David D. Porter and Maj. Gen. Benjamin Butler","Maj. Gen. Robert Hoke","Confederate victory",1864-12-07,1864-12-27,21,"No",320,NA,NA
"351","Fort McAllister II",NA,"Bryan County, GA",NA,NA,NA,"GA","Savannah Campaign","Brig. Gen. William B. Hazen","Maj. George A. Anderson","Union victory",1864-12-13,1864-12-13,1,"No",205,134,71
"352","Nashville",NA,"Davidson County, TN",NA,NA,NA,"TN","Franklin-Nashville Campaign","Maj. Gen. George H. Thomas","Gen. John Bell Hood","Union victory",1864-12-15,1864-12-16,2,"No",6602,2140,4462
"353","Marion",NA,"Smyth County, VA",NA,NA,NA,"VA","Stoneman's Raid into Southwest Virginia","Col. Maj. Gen. George Stoneman","Maj. Gen. John C. Breckinridge","Union victory",1864-12-17,1864-12-18,2,"No",274,NA,NA
"354","Saltville",NA,"Smyth County, VA",NA,NA,NA,"VA","Stoneman's Raid into Southwest Virginia","Maj. Gen. George Stoneman","Maj. Gen. John C. Breckinridge","Union victory",1864-12-20,1864-12-21,2,"No",NA,NA,NA
"355","Fort Fisher",NA,"New Hanover County, NC",NA,NA,NA,"NC","Operations against Fort Fisher and Wilmington","Rear Adm. David D. Porter and Maj. Gen. Alfred Terry","Gen. Braxton Bragg, Maj. Gen. Robert Hoke, and Col. Charles Lamb","Union victory",1865-01-13,1865-01-15,3,"No",2000,NA,NA
"356","Rivers' Bridge","Salkehatchie River, Hickory Hill, Owens' Crossroads, Lawtonville, Duck Creek","Bamberg County, SC",NA,NA,NA,"SC","Campaign of the Carolinas","Maj. Gen. Francis P. Blair","Maj. Gen. Lafayette McLaws","Union victory",1865-02-03,1865-02-03,1,"No",262,92,170
"357","Hatcher's Run","Dabney's Mill, Rowanty Creek, Armstrong's Mill, Vaughan Road","Dinwiddie County, VA",NA,NA,NA,"VA","Richmond-Petersburg Campaign","Commanders: Maj. Gen. A.A. Humphreys and Maj. Gen. G.K. Warren","Maj. Gen. John B. Gordon","Union victory",1865-02-05,1865-02-07,3,"No",2700,NA,NA
"358","Wilmington","Fort Anderson, Town Creek, Forks Road, Sugar Loaf Hill","New Hanover County, NC",NA,NA,NA,"NC","Operations against Fort Fisher and Wilmington","Maj. Gen. John Schofield","Gen. Braxton Bragg","Union victory",1865-02-12,1865-02-22,11,"No",1150,NA,NA
"359","Waynesboro",NA,"Augusta County, VA",NA,NA,NA,"VA","Sheridan's Expedition to Petersburg","Maj. Gen. Philip Sheridan","Lt. Gen. Jubal Early","Union victory",1865-03-02,1865-03-02,1,"No",1800,NA,NA
"360","Natural Bridge",NA,"Leon County, FL",NA,NA,NA,"FL","Operations near St. Marks, Florida","Maj. Gen. John Newton","Maj. Gen. Sam Jones","Confederate victory",1865-03-06,1865-03-06,1,"No",174,148,26
"361","Wyse Fork","Wilcox's Bridge, Wise's Fork, Second Kinston, Second Southwest Creek, Kelly's Mill Pond","Lenoir County, NC",NA,NA,NA,"NC","Campaign of the Carolinas","Maj. Gen. John Schofield","Gen. Braxton Bragg","Union victory",1865-03-07,1865-03-10,4,"No",2601,1101,1500
"362","Monroe's Cross","Fayetteville Road, Blue's Farm","Hoke County, NC",NA,NA,NA,"NC","Campaign of the Carolinas","Brig. Gen. Judson Kilpatrick","Maj. Gen. Joseph Wheeler and Lt. Gen. Wade Hampton","Inconclusive",1865-03-10,1865-03-10,1,"No",269,183,86
"363","Averasborough","Taylor's Hole Creek, Smithville, Smiths Ferry, Black River","Harnett County, NC","Cumberland County, NC",NA,NA,"NC","Campaign of the Carolinas","Maj. Gen. Henry Slocum","Lt. Gen. William Hardee","Inconclusive",1865-03-16,1865-03-16,1,"No",1419,NA,NA
"364","Bentonville","Bentonsville","Johnston County, NC",NA,NA,NA,"NC","Campaign of the Carolinas","Maj. Gen. William T. Sherman and Maj. Gen. Henry Slocum","Gen. Joseph E. Johnston","Union victory",1865-03-19,1865-03-21,3,"No",4738,1646,3092
"365","Fort Stedman",NA,"Petersburg, VA",NA,NA,NA,"VA","Richmond-Petersburg Campaign","Maj. Gen. John G. Parke","Gen. Robert E. Lee and Maj. Gen. John B. Gordon","Union victory",1865-03-25,1865-03-25,1,"No",3850,950,2900
"366","Spanish Fort",NA,"Baldwin County, AL",NA,NA,NA,"AL","Mobile Campaign","Maj. Gen. E.R.S. Canby","Brig. Gen. Randall L. Gibson","Union victory",1865-03-27,1865-04-08,13,"No",1401,657,744
"367","Lewis's Farm","Quaker Road, Military Road, Gravelly Road","Dinwiddie County, VA",NA,NA,NA,"VA","Appomattox Campaign","Maj. Gen. G.K. Warren","Maj. Gen. Bushrod R. Johnson","Union victory",1865-03-29,1865-03-29,1,"No",850,380,370
"368","Dinwiddie Court House",NA,"Dinwiddie County, VA",NA,NA,NA,"VA","Appomattox Campaign","Maj. Gen. Philip Sheridan","Maj. Gen. George Pickett and Maj. Gen. Fitzhugh Lee","Confederate victory",1865-03-31,1865-03-31,1,"No",821,NA,NA
"369","White Oak Road","Hatcher's Run, Gravelly Run, Boydton Plank Road, White Oak Ridge","Dinwiddie County, VA",NA,NA,NA,"VA","Appomattox Campaign","Maj. Gen. G.K. Warren","Gen. Robert E. Lee and Lt. Gen. Richard H. Anderson","Union victory",1865-03-31,1865-03-31,1,"No",2670,1870,800
"370","Five Forks",NA,"Dinwiddie County, VA",NA,NA,NA,"VA","Appomattox Campaign","Maj. Gen. Philip Sheridan","Maj. Gen. George Pickett","Union victory",1865-04-01,1865-04-01,1,"No",3780,830,2950
"371","Sutherland's Station",NA,"Dinwiddie, VA",NA,NA,NA,"VA","Appomattox Campaign","Maj. Gen. Nelson A. Miles","Maj. Gen. Henry Heth and Maj. Gen. Cadmus Wilcox","Union victory",1865-04-02,1865-04-02,1,"No",970,370,600
"372","Selma",NA,"Dallas County, AL",NA,NA,NA,"AL","Wilson's Raid in Alabama and Georgia","Maj. Gen. James H. Wilson","Lt. Gen. Nathan B. Forrest","Union victory",1865-04-02,1865-04-02,1,"No",3019,319,2700
"373","Petersburg","Petersburg","Petersburg, VA",NA,NA,NA,"VA","Appomattox Campaign","Lt. Gen. Ulysses S. Grant","Gen. Robert E. Lee","Union victory",1865-04-02,1865-04-02,1,"No",7750,3500,4250
"374","Fort Blakely",NA,"Baldwin County, AL",NA,NA,NA,"AL","Mobile Campaign","Maj. Gen. E.R.S. Canby","Brig. Gen. St. John R. Liddell","Union victory",1865-04-02,1865-04-09,8,"No",4475,629,2900
"375","Namozine Church",NA,"Amelia County, VA",NA,NA,NA,"VA","Appomattox Campaign","Maj. Gen. George A. Custer","Maj. Gen. Fitzhugh Lee","Inconclusive",1865-04-03,1865-04-03,1,"No",75,NA,NA
"376","Amelia Springs",NA,"Amelia Springs, VA",NA,NA,NA,"VA","Appomattox Campaign","Maj. Gen. George Crook","Maj. Gen. Rosser and Maj. Gen. Fitzhugh Lee","Inconclusive",1865-04-05,1865-04-05,1,"No",250,NA,NA
"377","High Bridge",NA,"Prince Edward County, VA","Cumberland County, VA",NA,NA,"VA","Appomattox Campaign","April 6: Col. T. Read. April 7: Maj. Gen. A.A. Humphreys [US]","April 6: Maj. Gen. Thomas Rosser. April 7: <U+FFFD> Maj. Gen. William Mahone [CS]","Inconclusive",1865-04-06,1865-04-07,2,"No",1200,NA,NA
"378","Sailor's Creek","Hillsman Farm, Lockett Farm","Amelia County, VA","Prince Edward County, VA","Nottoway County, VA",NA,"VA","Appomattox Campaign","Maj. Gen. Philip Sheridan","Lt. Gen. Richard Ewell and Maj. Gen. John B. Gordon","Union victory",1865-04-06,1865-04-06,1,"No",9980,NA,NA
"379","Rice's Station","Rice's Depot","Prince Edward County, VA",NA,NA,NA,"VA","Appomattox Campaign","Maj. Gen. John Gibbon","Lt. Gen. James Longstreet","Union victory",1865-04-06,1865-04-06,1,"No",NA,NA,NA
"380","Cumberland Church","Farmville","Cumberland County, VA",NA,NA,NA,"VA","Appomattox Campaign","Maj. Gen. A.A. Humphreys","Gen. Robert E. Lee","Confederate victory",1865-04-07,1865-04-07,1,"No",910,655,255
"381","Appomattox Station",NA,"Appomattox County, VA",NA,NA,NA,"VA","Appomattox Campaign","Maj. Gen. George A. Custer","Brig. Gen. Lindsay Walker","Union victory",1865-04-08,1865-04-08,1,"No",NA,NA,NA
"382","Appomattox Court House",NA,"Appomattox County, VA",NA,NA,NA,"VA","Appomattox Campaign","Lt. Gen. Ulysses S. Grant","Gen. Robert E. Lee","Union victory",1865-04-09,1865-04-09,1,"No",700,NA,NA
"383","Palmito Ranch","Palmito Hill","Cameron County, TX",NA,NA,NA,"TX","Expedition from Brazos Santiago","Col. Theodore H. Barrett","Col. John S. 'Rip' Ford","Confederate victory",1865-05-12,1865-05-13,2,"No",NA,118,NA
